,Unnamed: 0,Sub,Version,Type,ID,RT1,RT2,RT3,RT4,RT5,RT6,Ans,AnsSpeed
0,0,1,A,2,50,0.367125098042,0.383745389996,0.600477865466,0.450341030785,0.55047212208,0.634126210009,1,1.05035863594
1,1,1,A,3,20,0.383757626762,0.400463181346,0.300510904735,0.300436694668,0.350440069647,0.533743672901,1,0.967054282691
3,3,1,A,3,22,0.450365899052,0.800572680669,0.617123815156,0.75042759604,0.683702482366,0.583554812227,1,1.08379974492
4,4,1,A,1,21,0.383776179278,0.467088427216,0.433901921922,0.417245709138,0.43376179121,0.96688296796,1,0.850366846415
5,5,1,A,1,17,0.550400675153,0.350440464381,0.467161847814,0.467095137701,0.367112861275,0.567137019021,1,2.31677001471
6,6,1,A,2,51,0.317146196596,0.400429234188,0.550139755715,0.500413879019,0.433811527745,1.36713220326,1,1.58374428474
7,7,1,A,3,21,0.317034092026,0.283756403085,0.300369984554,0.317176591145,0.350162966098,0.350342964985,1,0.867030559153
8,8,1,A,2,52,0.300459983998,0.333810304068,0.300412615869,0.350382438424,0.433753501788,0.78377515297,1,1.73410059175
9,9,1,A,2,56,0.317204617287,0.333810304068,0.433439687939,0.700685535235,0.60035983988,0.567074256252,1,2.91718669635
10,10,1,A,1,19,0.467117637562,0.333797277833,0.383748942605,0.467289347027,0.483753324157,0.950420569768,1,0.967129282227
11,11,1,A,1,23,0.400366076683,0.367101808713,0.400161604263,0.450123137396,0.367138124278,0.333723067765,1,2.75052627964
12,12,1,A,1,24,0.350446385398,0.317087775904,0.333723067765,0.400446207766,0.41711939413,0.600485760154,1,1.53378630422
13,13,1,A,2,55,0.40042410264,0.400434365734,0.400410681671,0.350477569415,0.383786837108,0.60041273429,1,3.63380765935
14,14,1,A,1,20,0.367081677257,0.50033493214,0.517089828523,0.500402431721,0.450500503484,0.600410760618,1,3.63383529076
15,15,1,A,3,24,0.350275465402,0.333801225176,0.366933651858,0.349873231047,0.333742804486,0.350356780688,1,3.55037699109
16,16,1,A,1,22,0.367035098599,0.333754646517,0.333756620189,0.333780304254,0.350482700963,0.383764337247,1,1.68373642953
17,17,1,A,1,18,0.400400418576,0.31712685461,0.350393096253,0.383784073967,0.367091545618,0.717095828486,1,1.38373749531
18,18,1,A,3,17,0.283771797726,0.283693245581,0.300441036746,0.333745172892,0.267082821988,0.300368405616,1,1.06724971569
19,19,1,A,3,23,0.350326780874,0.317086986435,0.350347701798,0.317045539324,0.450194584323,0.316953960943,1,1.10045082616
20,20,1,A,2,54,0.267005059311,0.300381431852,0.300426826308,0.26725255778,0.333704515248,0.333776751643,1,0.850401977777
21,21,1,A,2,49,0.283745350522,0.283715350708,0.317127249345,0.267027164437,0.300511694203,0.500372431908,1,3.40045212878
22,22,1,A,2,53,0.300443405153,0.283699166597,0.267084400925,0.333770435894,0.350438490709,0.350354807017,1,3.5338056462
23,23,1,A,3,19,0.333788593676,0.350426648677,0.300376300304,0.417045973531,0.383859862972,0.367033124927,1,1.41723978812
24,24,1,A,2,37,0.38372328487,0.367168518826,0.417018342123,0.367050098505,0.633809238285,0.517037328847,1,1.93370751523
25,25,1,A,2,33,0.317207380428,0.350487832509,0.333747541298,0.350176781802,0.400429628922,0.383520786121,1,2.90040890537
26,26,1,A,3,6,0.467120400703,0.415772955088,0.351617562365,0.383816047453,0.400545286101,0.467083295669,1,1.55049264827
27,27,1,A,2,36,0.417097683738,0.350431385491,0.317139091377,0.433735344005,0.467100269248,1.2170897101,1,2.31715172288
28,28,1,A,2,38,0.433774027976,0.750454043245,0.283749297866,0.366951020172,0.350477569415,0.433802448853,1,1.70040843168
29,29,1,A,2,39,0.333766488549,0.333827672382,0.33370372578,0.383894204865,0.350425859208,0.483737140046,1,2.90019495932
30,30,1,A,2,34,0.316824093325,0.300467483951,0.283707061285,0.317085012764,0.333746357095,0.400481339128,1,1.13379127787
31,31,1,A,3,7,0.367041414349,0.350374149002,0.350343359718,0.300417352682,0.350436911772,0.367026019707,1,0.700341721571
32,32,1,A,1,3,0.333717541484,0.317096460061,0.350285728496,0.367074177304,0.333878593119,0.349149288156,1,1.80169491057
33,33,1,A,1,2,0.350462569508,0.300462747138,0.333736488735,0.367095492962,0.350449543273,0.583793231805,1,3.35034533339
34,34,1,A,3,4,0.366890231074,0.333770041159,0.317065670778,0.317130801954,0.517016407925,0.333815040881,1,0.750582331925
35,35,1,A,2,40,0.316666594298,0.283724034864,0.316799225057,0.35014441358,0.333840303882,0.533689594288,1,2.68379327128
36,36,1,A,1,8,0.350963092728,0.284676923709,0.317092117983,0.350544674263,0.383804205421,0.367112071807,1,4.06734760982
37,37,1,A,1,5,0.333724251968,0.300488010141,0.467093164028,0.433761791211,0.317113828374,0.500477431257,1,1.36712707171
38,38,1,A,3,1,0.283676272003,0.350494542994,0.367135755871,0.33344635895,0.317128038813,0.500409931675,1,1.38375999517
39,39,1,A,3,5,0.450420767135,0.483728850624,0.416996236997,0.517032197301,0.300486036468,0.317085802233,1,0.983766942493
40,40,1,A,1,1,0.43369271269,0.466789613275,0.43369902844,0.716948197821,0.383664074709,1.00036907667,1,1.25028647849
42,42,1,A,3,2,0.567082150939,0.533877487863,0.450359583303,0.500407958004,0.367019309223,0.417123341475,1,0.93375685703
43,43,1,A,1,6,0.367073782571,0.333778725316,0.400400418576,0.450436556511,0.450456293231,0.5003941423,1,2.53393709276
45,45,1,A,1,4,0.367131413793,0.367048519569,0.667109032352,0.983724311178,0.583873757623,1.06707011154,1,3.35043967491
46,46,1,A,2,35,0.450408925103,0.650375056892,0.700407247481,0.600382339741,0.583866652404,0.667019822377,1,4.53379459364
47,47,1,A,3,8,0.350402569878,0.367411280483,0.417195577869,0.40036844509,0.41707005233,0.383720126993,1,1.13562481916
48,48,1,A,3,11,0.350415201379,0.400321471697,0.350410859301,0.383737100573,0.417066104987,0.350498885073,1,0.800402944877
49,49,1,A,1,13,0.533740120291,0.333787409473,0.316741988569,0.367068651022,0.400461997143,0.700552509741,1,1.9835099704
50,50,1,A,3,9,0.450461030043,0.383476181135,0.366773784425,0.333804383052,0.35046454318,0.500669272176,1,1.11741651071
51,51,1,A,2,47,0.300422089495,0.283717719114,0.333708067858,0.383751311012,0.366864178603,0.71709622322,1,1.91705564452
52,52,1,A,2,43,0.317084223295,0.283731534818,0.31710001267,0.317085802233,0.31713040722,0.300381826586,1,2.16707172995
53,53,1,A,3,15,0.300443799887,0.266937954463,0.300336826865,0.267040585407,0.267265189281,0.283298905915,1,0.884016769896
54,54,1,A,1,12,0.300359326726,0.250281346945,0.283871665531,0.300347089958,0.33395754,0.617105262638,1,1.33362162102
55,55,1,A,2,46,0.300367616148,0.318189479618,0.300403931712,0.333679646981,0.350462964242,0.567184781884,1,1.0504431091
56,56,1,A,3,12,0.283714955974,0.283799429135,0.267028743375,0.267138084804,0.300488404874,0.300403536978,1,0.800235972225
57,57,1,A,1,10,0.233835527596,0.333793330488,0.333907408731,1.16693278344,0.35042783288,0.333719909891,1,3.05016837396
58,58,1,A,2,41,0.250403714609,0.31710356528,0.600609706756,0.316810672355,0.367160624139,0.36710694026,1,1.63349700337
59,59,1,A,3,14,0.283785218697,0.284219426538,1.06714116373,0.467052506386,0.400403576452,0.350404148816,1,0.81716139387
60,60,1,A,1,16,0.300428010511,0.317171459597,0.300361695132,0.400446207767,0.350353622813,0.417016368451,1,2.30031827435
61,61,1,A,1,11,0.267029138109,0.283385747483,0.317056591887,0.517384300387,0.450319715128,0.450119190053,1,4.20044257621
62,62,1,A,2,44,0.40042765525,0.383842494659,0.450391162055,0.550353307026,0.450367872725,0.600104051988,1,1.25010490067
63,63,1,A,3,10,0.350409675098,0.300482483859,0.300353010975,0.316993434383,0.333735699266,0.317510536448,1,0.883370589682
65,65,1,A,1,14,0.700460141891,0.800487418039,0.467176058253,0.883808744867,0.400421734234,0.450478003623,1,1.38377144247
66,66,1,A,2,42,0.350417964521,0.367114834948,0.467101453452,0.450413661915,0.500438352552,0.633726738795,1,2.51715061762
67,67,1,A,3,13,0.300380247649,0.333768462222,0.283815218511,0.300175380495,0.300463536607,0.350417569786,1,0.783918046823
68,68,1,A,2,48,0.383870915535,0.350108887485,0.300164722666,0.317101986343,0.333800830443,0.733770199053,1,0.883719929627
69,69,1,A,1,15,0.317112249437,0.333780698988,0.333653199777,0.367146018965,0.433756659662,2.08378711342,1,2.81707415757
70,70,1,A,2,45,0.300429589449,0.333698594232,0.300403536979,0.317083039092,0.333772014831,0.3671097034,1,2.60013010446
72,72,1,A,1,27,0.267031506516,0.317001723805,0.267047295892,0.300441826215,0.300473404967,0.517018381596,1,2.15066183143
73,73,1,A,2,57,0.283797455463,0.334439905438,0.333650041901,0.367044572225,0.300461168201,0.433808369869,1,2.20045362877
74,74,1,A,2,63,0.300671166902,0.533729067728,0.333746357095,0.583768363537,0.467079743059,0.733744936051,1,1.35064927888
75,75,1,A,2,64,0.567158334678,0.36713299273,0.333726620375,0.500526773058,0.350456648492,0.650540450605,1,0.86707871675
76,76,1,A,3,25,0.300495510093,0.366977862111,0.283762324102,0.317101591609,0.333786620004,0.283796665994,1,0.650614660673
78,78,1,A,2,59,0.300409063259,0.250480293083,0.283705877082,0.233796843625,0.300459589263,0.433710870472,1,0.650366767469
79,79,1,A,1,32,0.250370556919,0.267046111689,0.250349241262,0.284014164649,0.333780698988,0.400445418298,1,1.26711716388
80,80,1,A,3,30,0.283679824612,0.267096242957,0.250407661953,0.233797238359,0.300673535308,0.267277031313,1,1.70051658891
81,81,1,A,3,29,0.28379627126,0.267067032612,0.300485246999,0.300421694761,0.317065276044,0.300367616148,1,0.800402550142
83,83,1,A,2,58,0.40053620721,0.583753758365,0.433732975598,0.483721350671,0.383516444043,0.367030361786,1,0.91679788296
84,84,1,A,2,60,0.350425859208,0.567096756112,0.417130051958,0.283830218418,0.450101427004,0.317139486111,1,0.800401760674
85,85,1,A,1,30,0.333768856955,1.25028055748,0.617051973494,0.483747403141,0.367137334809,2.28377929768,1,0.967025072345
86,86,1,A,1,28,0.867102400814,0.850535398004,0.650451240631,0.383824731611,0.433782712134,0.417111499441,1,1.8171732359
87,87,1,A,1,26,0.53380998828,0.850392109418,0.483848849882,0.417226761887,0.400139893872,0.367159834669,1,2.03396215839
88,88,1,A,1,31,0.317131986158,0.267187426603,0.283814429042,0.717110038925,0.300414984275,0.300456036653,1,2.18373267955
89,89,1,A,3,31,0.250444766986,0.283806534355,0.350448753804,0.267080058848,0.317084618029,0.283709034958,1,0.583763626725
90,90,1,A,3,27,0.300105512505,0.25041910925,0.267083216722,0.267141637414,0.267128216444,0.350519805996,1,0.767228281615
91,91,1,A,3,26,0.233755791247,0.300189196199,0.200155209566,0.317102381077,0.283787981838,0.317065670778,1,0.633789501565
92,92,1,A,1,29,0.30013827546,0.283829034215,0.283682982486,0.267099006098,0.333789777879,0.683914060006,1,0.967197176544
93,93,1,A,3,32,0.266857033911,0.28380613962,0.300428405246,0.31707119706,0.283772192462,0.332589390565,1,0.667034822284
94,94,1,A,2,62,0.283875612874,0.283783245025,0.300266958876,0.283734692694,0.35038835944,0.317068828654,1,1.90039864227
95,95,1,A,2,61,0.267299925908,0.267128611178,0.300686166809,0.300367616148,0.367116413886,0.567142940037,1,3.95054885845
96,96,2,B,3,47,0.533620121034,0.583704021832,0.500394931769,0.583797573883,0.500389010753,0.600377997662,1,1.35033349136
97,97,2,B,1,44,0.533704988929,0.417191235792,0.450448793277,0.567303202204,0.55044606961,0.601185624246,1,1.95042333291
98,98,2,B,2,9,0.483985427985,0.5675728058,1.04932561601,0.734952428584,0.483674377276,0.717150301834,1,0.966996256735
100,100,2,B,2,14,0.467143295298,0.467172900379,0.467073822043,0.417056236625,0.483807797506,0.73373033088,1,1.26699558569
101,101,2,B,2,12,0.850452503781,0.517028249957,0.417289919391,0.467101848186,0.567090835095,0.533770909575,1,1.28379429759
102,102,2,B,3,46,0.45043379337,0.35048151676,0.317059749763,0.367093519291,0.367124308572,0.400347918901,1,0.950362149077
103,103,2,B,3,44,0.45047326681,0.433756659662,0.467267636634,0.517066144459,0.35047085893,0.333761751737,1,0.867100032407
104,104,2,B,1,41,0.417103999489,0.350236781429,0.400505417927,0.400416207953,0.500424536849,0.533840777563,1,1.36719970285
106,106,2,B,2,13,0.650423214489,0.400425286844,0.317103960015,0.983777205587,0.35036941219,0.700619219855,1,1.03372334408
107,107,2,B,1,42,0.38372960062,0.583762837257,0.533764593825,0.533726699321,0.45040063568,1.0504304776,1,1.2821719392
108,108,2,B,2,10,0.400435549938,0.500386247611,0.73370546261,0.900377326614,0.616882237702,0.600455365606,1,1.31717422274
109,109,2,B,1,43,0.467035138072,0.550476069424,0.969303084574,1.16702673023,0.433785475274,0.717110828395,1,0.950472279974
110,110,2,B,1,46,0.533453148382,0.366976283172,0.450399451478,0.683692219272,0.467126716452,0.833772606931,1,1.1334806219
111,111,2,B,1,48,0.51715851231,0.467035927541,0.383745389996,0.700605009417,0.550390806793,0.767084203557,1,0.917049723508
112,112,2,B,2,15,0.517099696883,0.433691133752,0.450133005757,0.533507621729,0.517335748056,0.55091698775,1,0.800122683453
113,113,2,B,2,16,0.467328820467,0.317062118169,0.350364675376,0.367116413885,0.750467464215,0.633737396623,1,0.917048539304
114,114,2,B,3,41,0.333841882821,0.450506424499,0.450638265791,0.317012381634,0.317147380798,0.383773416139,1,1.15036735957
115,115,2,B,3,45,0.383743811059,0.300410642198,0.317067249716,0.517104433697,0.600448655121,0.650443740677,1,0.983762600416
117,117,2,B,3,43,0.666955875404,0.65047374049,0.433612186873,0.33381504088,0.350399412004,0.383687364039,1,1.13377548849
118,118,2,B,3,42,0.400869363044,0.317042381448,0.500176643645,0.466928165049,0.300132749178,0.433789817353,1,0.733767041178
119,119,2,B,2,11,0.400372392434,0.283546404384,0.300510115267,0.467037111745,0.500495589042,0.599457477039,1,0.600567864909
120,120,2,B,2,4,0.417175051682,0.283797850198,0.400497917974,0.317132775626,0.400566601758,0.483450562871,1,0.850418556622
121,121,2,B,3,37,0.533387622472,0.317101591609,0.317156854424,0.267042164345,0.434144288844,0.400518049428,1,1.01700357906
122,122,2,B,1,35,0.417051894547,0.36703707227,0.317182512161,0.40134422853,0.350445990664,0.767063282634,1,0.917117223091
123,123,2,B,1,40,0.333776751644,0.283422063047,0.433713633613,0.967102045553,0.55054475321,0.933725278277,1,0.783674890432
124,124,2,B,1,34,0.367064703678,0.317063697106,0.317076723342,0.367115229681,0.400499496911,0.483780955565,1,1.85053737168
126,126,2,B,2,3,0.450345767598,0.583820468479,1.06713208484,0.250406083016,0.566768731826,0.550416464528,1,0.800630311891
128,128,2,B,1,38,0.484048980223,0.250428582876,0.367045361694,0.483830692099,0.433730607192,0.533783935809,1,2.55021514999
129,129,2,B,3,38,0.400353839917,0.266968349011,0.38376907406,0.300382616055,0.36708365093,0.400476207582,1,1.65046545107
130,130,2,B,2,5,0.400456470861,0.300304063911,1.26710255871,0.467119216501,0.500520852043,0.883745982097,1,1.50040716853
131,131,2,B,2,1,0.450398662008,0.433820211902,0.350342175516,0.533687225881,0.367205623859,0.533762225419,1,0.883779139785
132,132,2,B,1,36,0.433809554073,0.483405957884,0.500440326225,0.467051716918,0.417414260728,0.750439832807,1,1.40045133931
133,133,2,B,3,34,0.40043120786,0.25061095017,0.550341070259,0.617235524989,0.517066539192,0.500428484193,1,1.33386714582
134,134,2,B,3,39,0.683787744996,1.38370196921,0.317054618215,0.367170887233,0.433748764975,0.367147203169,1,1.182443477
135,135,2,B,1,33,0.483807797504,0.35044125385,0.300407089588,0.583838626262,0.433886922016,0.550463832658,1,0.733903224545
136,136,2,B,2,8,0.433657976064,0.533724330917,0.750511279733,0.833859843235,0.333813461943,0.483797534411,1,1.00045947084
137,137,2,B,2,6,0.350159413487,0.317094881124,0.617116709936,0.317069223389,0.433807185666,0.533864066892,1,1.03377623849
138,138,2,B,2,2,0.383770258262,0.333170439604,0.283890612782,0.950087413934,0.483727271687,0.450381293695,1,1.13376719907
139,139,2,B,1,37,0.400430813126,0.316995013322,0.367077335181,0.783427391963,0.48374819261,0.583874941825,1,2.60049365484
140,140,2,B,3,33,0.400452128782,0.483776613488,0.250423056594,0.28376666618,0.317095275857,0.350438885445,1,0.86705621689
141,141,2,B,3,35,0.51706180238,0.45041405665,0.283722850661,0.334163591357,0.367100229774,0.250461345831,1,0.967244149939
142,142,2,B,2,7,0.400385813404,0.250505950818,0.383717363853,0.567058466875,0.483758455704,0.567067940501,1,1.20046704974
143,143,2,B,3,36,0.433740870287,0.318648950459,0.383763942513,0.300476168108,0.383784863434,0.350383622628,1,0.950357412265
144,144,2,B,1,60,0.41676413317,0.767136703234,0.333402543432,0.867127269081,0.583822836885,0.617085920654,1,3.11713269668
145,145,2,B,3,61,0.467113690218,0.467051716916,0.300505378455,0.283789560775,0.350435727569,0.483724903281,1,0.733830198682
146,146,2,B,3,60,0.350385991034,0.283718903318,0.267069401018,0.267104137645,0.333821751365,0.383705127088,1,0.817134946665
147,147,2,B,3,58,0.333723857235,0.250373320059,0.317141854517,0.350440859116,0.367093519291,0.316968171381,1,0.783795284424
148,148,2,B,2,31,0.300373931897,0.283662851032,0.383849994612,0.350381254222,0.350519411262,0.416055979655,1,0.668257709458
149,149,2,B,2,25,0.600387866023,0.300384589726,0.350393490988,0.300447352498,0.450408530369,0.567171360914,1,0.850442635419
150,150,2,B,2,29,0.350564410985,0.483782534504,0.50046953657,0.500388221282,0.517152986027,0.900428247351,1,0.850126058431
151,151,2,B,1,57,0.350451122209,0.300090512599,0.350470464196,0.767124071734,0.433689949548,0.650406635643,1,1.05041231982
152,152,2,B,3,57,0.367108519198,0.617148683423,0.30015169643,0.333699383702,0.283634430156,0.283741008443,1,0.633705423137
155,155,2,B,2,27,0.433768106961,0.333759383331,0.417065710251,0.283696008722,0.433874290515,1.13373088351,1,0.800307419151
156,156,2,B,1,58,0.550334754509,0.500338090014,0.450420767134,0.633742922906,0.483837007851,0.350398227802,1,1.8168748167
157,157,2,B,2,26,0.500396115971,0.617035394649,0.517219696141,0.517166012263,1.4005200231,0.917068670758,1,1.20044494462
158,158,2,B,3,63,0.283709034957,0.267139663742,0.433813501417,0.267065058939,0.283801402806,0.283717719114,1,0.850422503967
159,159,2,B,1,59,0.367020493426,0.350395859394,0.867125295408,0.25050239821,0.450453530091,0.63375042286,1,0.88377045563
160,160,2,B,3,64,0.317066065512,0.333664647074,0.567053335328,0.283809297496,0.550348175479,0.267087164066,1,0.800398208063
162,162,2,B,3,62,0.633789501564,0.300453273512,0.267106900787,0.25055726629,0.367061545803,0.300484457532,1,0.717067802343
165,165,2,B,1,64,0.66691521776,0.350426648678,1.00047012867,0.586271374375,0.41707005233,0.767151308406,1,4.96733849146
166,166,2,B,2,28,0.40047147077,0.333811093536,0.418516753909,0.533576305515,0.400461207673,0.517106802103,1,2.43379060682
167,167,2,B,2,32,0.367124308574,0.283780481883,0.283756797819,0.633732659811,0.517211801453,0.900438115712,1,1.30046906289
168,168,2,B,3,54,0.700511062629,0.23380276464,0.283741403178,0.250442398581,0.267024401297,0.750132729443,1,0.833861816907
169,169,2,B,1,54,0.433772843773,0.450461030045,0.283845613059,1.15043170128,0.333745172891,0.467070269435,1,2.66721640011
170,170,2,B,3,56,0.550656463045,0.733776514804,0.467019348696,0.233754607043,0.333766488549,0.38374302159,1,0.850909606217
171,171,2,B,1,50,0.566741100418,0.483823981614,1.33377833058,0.300411036931,0.367033124927,0.615619877088,1,1.26827215674
172,172,2,B,1,51,0.383710653368,0.366828257773,0.317149354471,0.817107315257,0.467173689845,0.867051874811,1,0.767797093886
173,173,2,B,2,24,0.633679370667,0.367142071622,0.383622232863,0.733679015406,0.417141104523,0.483627009149,1,0.933739488717
174,174,2,B,2,22,0.300422878963,0.283822718466,0.26714045321,0.533816698766,0.350350859673,0.800488996976,1,0.80078346884
175,175,2,B,1,52,0.383819994797,0.433725475646,0.400381471325,0.616987631787,0.417161235977,0.817100210039,1,1.13367877856
176,176,2,B,2,18,0.433762185945,0.517172328013,0.500405194862,0.450408530369,0.63375239653,0.650435056521,1,2.80025807735
177,177,2,B,2,21,0.350448359068,0.283745350522,0.483481352154,0.417084262768,0.500411905348,0.650191900129,1,1.00047604969
178,178,2,B,2,19,0.450425503948,0.317112249437,0.283711403363,0.4670457959,0.400393708091,0.500464799756,1,0.783890415414
179,179,2,B,2,20,0.301464977783,0.383676311476,0.333754251784,0.383978283293,0.350436911771,0.517064960257,1,0.917054065587
180,180,2,B,3,49,0.533858540612,0.383774600341,0.367121150699,0.383722890134,0.433779948993,0.267151900509,1,1.91713301247
182,182,2,B,2,23,0.500464405022,0.267096242957,0.450464187919,1.18382465266,0.4337949489,0.71708990747,1,0.85041934609
183,183,2,B,3,53,0.267054006377,0.450195768526,0.250409240891,0.26711440074,0.333788988411,0.383626180206,1,1.05048652989
184,184,2,B,2,17,0.267035059125,0.300392484416,0.517135222979,0.550443306469,0.450408925102,0.300390905477,1,1.00050841791
185,185,2,B,3,55,0.350450727476,0.333841882819,0.33344714842,0.250460951096,0.30047103656,0.433701396847,1,1.46712079544
186,186,2,B,1,49,0.350479937821,0.533728672994,0.417074394409,0.517083907507,0.333776751644,0.750371543754,1,1.00074091647
187,187,2,B,1,56,0.40039173442,0.450433003902,0.517108775775,0.71711595994,0.683779455576,0.650323346685,1,1.3504980956
188,188,2,B,3,52,0.383503023073,0.300390905477,0.500142301751,0.2337253967,0.333798462036,0.383934467773,1,0.800402944877
189,189,2,B,1,53,0.350410859301,0.317034486759,0.266999138295,0.917121959905,0.35050677976,0.83376708065,1,1.98383365261
190,190,2,B,3,51,0.333761751735,0.433828896059,0.250453056409,0.417011631638,0.250396214655,0.217077078602,1,0.933705936292
191,191,2,B,3,50,0.533907487677,0.367166545155,0.20000402629,0.400452523516,0.45013063735,0.583664548389,1,0.967086650911
192,192,3,A,3,5,0.317112249439,0.317060933972,0.237662477608,0.267085979853,0.250558055763,0.200470602358,1,1.50043045786
195,195,3,A,2,38,0.266990059405,0.2837027192,0.500408747481,0.80039702385,0.483693324524,0.333718330963,1,2.76725591303
196,196,3,A,3,1,0.267495714172,0.28372482433,0.217043526165,0.267072953633,0.25033463609,0.266976638435,1,2.11688796135
197,197,3,A,2,40,0.300424852627,0.267060716855,0.233771185885,0.250404504084,0.350477174681,0.483760429372,1,3.20042599736
199,199,3,A,1,2,0.367013782932,0.333872277362,0.283955743958,0.500702824604,0.433786659472,0.36712430857,1,6.83381918559
200,200,3,A,3,6,0.383634469632,0.33379135681,0.333767672753,0.26708953247,0.567092414029,0.566983467332,1,1.1165386214
201,201,3,A,2,36,0.300517220487,0.283725219066,0.267063480002,0.666771929173,0.834044578922,2.36712036123,1,4.26744124082
202,202,3,A,1,6,0.333733725594,0.366993651478,0.567181229271,0.467000796169,0.400445418301,0.433654818175,1,0.933925803358
203,203,3,A,3,7,0.30040827379,0.266872823282,0.300423668436,0.233707633655,0.283439431369,0.33374912024,1,1.01707384178
204,204,3,A,1,5,0.283691666642,0.300539720352,0.266811639449,0.35046849052,0.500416247422,2.60047549706,1,2.18401294097
205,205,3,A,3,2,0.283567720035,0.367359965006,0.233872632627,0.283434299825,0.250542266382,0.250512266575,1,1.00044131307
206,206,3,A,3,4,0.217095631117,0.250127795269,0.233740001873,0.283656930013,0.333353596376,0.400392918615,1,1.40056857542
207,207,3,A,1,8,0.233701317906,0.267107690262,0.267016901344,0.333814646146,1.36726049194,0.63343463534,1,0.833722870404
208,208,3,A,2,35,0.30044379989,0.283647851131,0.26701887502,0.400415813216,1.36751627983,0.733635989352,1,1.03368781798
210,210,3,A,1,3,0.284067059052,0.267172031963,0.282382332633,2.4016951474,0.367148387377,0.533692357436,1,1.03376637014
211,211,3,A,1,4,0.250366609587,0.283655351086,0.26704019068,0.933698831068,0.467126321717,0.417067683928,1,1.00038368184
212,212,3,A,1,1,0.267015322403,0.317046328797,0.53368367326,0.417406760782,0.583792837075,0.517252853839,1,1.06706655893
213,213,3,A,2,33,0.300277616712,0.283779297679,0.250406083011,0.433731791389,1.11708296013,0.517042855136,1,2.31704514459
214,214,3,A,3,8,0.3003522215,0.300406694849,0.250308583622,0.267021638152,0.567029256534,0.28376666618,1,1.41720149889
215,215,3,A,2,37,0.267208742254,0.267434530339,0.300345511016,0.333445964221,0.433731791389,1.3671590452,1,4.80049215484
216,216,3,A,1,10,0.250670555062,0.266977427906,0.250458187948,0.300417747421,0.417212551445,0.367408122605,1,1.96722125534
217,217,3,A,2,48,0.267001111963,0.217269314264,0.266781244907,0.267015717138,0.333792146281,0.333708857332,1,4.73413690731
218,218,3,A,2,43,0.300362879323,0.250572660938,0.300293800814,0.583749416284,0.417154130759,0.867071611545,1,1.18375794255
219,219,3,A,2,46,0.250433319699,0.300359326735,0.317088565367,0.433697449495,0.0837871134281,0.950200702704,1,2.63399318451
220,220,3,A,3,11,0.266931243968,0.333842277556,0.33377675165,0.283688903495,0.267126242761,0.317064486575,1,1.43391139554
221,221,3,A,2,42,0.283752850475,0.250243847186,0.250428977612,0.333786620002,0.333868330024,0.350444016993,1,3.03379242259
222,222,3,A,1,16,0.283727982212,0.233850922232,0.283726797992,0.300352616236,0.300505378444,0.333730172992,1,0.950340833413
223,223,3,A,1,11,0.283776534532,0.267025585505,0.300091302066,0.317081854897,0.367105361322,0.450329978223,1,1.7004486946
224,224,3,A,1,15,0.233787370002,0.300123670284,0.267078085177,0.317041986724,0.567033993342,0.900494562738,1,1.85046908262
225,225,3,A,1,12,0.283742192652,0.267123874364,0.300403142246,0.333749909696,0.300489983812,0.550378570028,1,2.06710721657
226,226,3,A,3,13,0.267029927578,0.283778902944,0.250265952302,0.267091111411,0.283800218604,0.233741186064,1,1.5337780148
228,228,3,A,3,12,0.233774738503,0.250310557298,0.417044394591,0.283786797634,0.300358537264,0.383767100386,1,0.783798442295
229,229,3,A,3,10,0.333837145998,0.300396431761,0.300439852537,0.333757409651,0.366920625631,0.333858856393,1,0.900570351747
230,230,3,A,1,13,0.283760745166,0.250362662235,0.300349063633,0.333738462403,0.583780600296,0.617012105329,1,1.20045954979
231,231,3,A,3,14,0.250439240699,0.267024796034,0.267102558704,0.28346903644,0.233710791523,0.250369372719,1,0.950632936874
232,232,3,A,2,41,0.250427398671,0.30043748414,0.267013348726,0.467048164312,0.38370315342,0.317146196598,1,0.967245334134
233,233,3,A,3,15,0.283973507001,0.283750876799,0.233777501635,0.283807323824,0.283461141764,0.417010052697,1,1.78373410059
234,234,3,A,1,14,0.267044532753,0.283722061198,0.383726048021,0.350405333025,0.367172466169,0.517046013018,1,0.850388162071
235,235,3,A,1,9,0.267078874647,0.300303669181,0.333472411425,0.567028467063,0.867030164416,0.317293037791,1,1.23381184353
236,236,3,A,2,44,0.267022822358,0.283736666373,0.300368800352,0.883790587075,0.583785731855,0.483743455799,1,2.00045947084
237,237,3,A,3,9,0.283733113756,0.250460161638,0.267022032887,0.250361478029,0.233700528435,0.233790922604,1,2.45049024039
238,238,3,A,2,45,0.23369302848,0.250509108693,0.250372135866,0.333753067578,0.400461207682,0.417021500005,1,4.08400540154
240,240,3,A,2,56,0.250297925799,0.267122295423,0.28379508706,0.267140453216,0.28378877131,0.28371021917,1,3.05029034689
241,241,3,A,3,17,0.300478536519,0.250410425098,0.267098216631,0.250403714614,0.233848948556,0.266992822551,1,2.31710672315
242,242,3,A,1,18,0.266855454975,0.267173216169,0.267091111411,0.317164354376,0.400320682224,0.633639897234,1,3.30039366861
243,243,3,A,1,23,0.267014532932,0.267012164535,0.283484825821,0.350373359543,0.350413622436,0.867023453931,1,3.33388372467
244,244,3,A,3,22,0.28394350718,0.23372065989,0.233706844185,0.317073565471,0.233773949032,0.283990480573,1,0.817072578633
245,245,3,A,3,21,0.267087953544,0.283740613711,0.233725791433,0.233518161142,0.26732321523,0.283740613697,1,1.26724150522
246,246,3,A,2,54,0.25051897706,0.250394240982,0.283713377037,0.433796922574,1.00050526003,0.317187643712,1,2.88398282274
247,247,3,A,2,55,0.217089315367,0.267021638152,0.283754824137,0.267021638167,0.300369589822,0.750806935801,1,1.58393691512
248,248,3,A,2,51,0.267156637317,0.233695002156,0.283758771489,0.350392701512,0.833756422813,0.41683755377,1,0.917011434271
249,249,3,A,2,53,0.233743949211,0.267029138107,0.250414372436,0.283671140452,0.617117499394,1.68374116634,1,2.31708422329
250,250,3,A,2,50,0.267121111232,0.333857672202,0.367142861083,1.4170455788,0.350442043316,0.63373226508,1,4.13355483196
252,252,3,A,3,20,0.233404872371,0.250407267216,0.233704475773,0.283649035337,0.250418319789,0.183720048051,1,1.15042025398
253,253,3,A,2,52,0.250217794703,0.267130979584,0.283828639484,1.51711627573,0.36714483476,0.5836657326,1,4.41729426148
254,254,3,A,1,17,0.25041871451,0.300362879338,0.267082032515,0.367182334536,1.13379522521,0.717118723085,1,2.75044772749
255,255,3,A,1,20,0.250441214375,0.300424852641,0.250203584263,0.283668772056,1.40013515706,0.500442694625,1,2.83388471151
256,256,3,A,1,19,0.25041239876,0.250491345636,0.317053039282,1.30040551064,0.317133959819,0.433750343902,1,0.967016782932
257,257,3,A,1,21,0.250154637193,0.25042581973,0.267051637973,0.316808303949,0.466806586861,0.383439076104,1,1.15052841121
258,258,3,A,1,22,0.250324767723,0.267066243148,0.283772192473,0.68369419295,0.316870671973,0.467094742955,1,0.900352853074
259,259,3,A,3,24,0.250440424905,0.250442398581,0.26716018992,0.267085190397,0.217148130803,0.217177735874,1,2.76685959968
260,260,3,A,3,23,0.250431346009,0.283798244927,0.267010585594,0.217006026418,0.283778508208,0.266764666056,1,0.967096124528
261,261,3,A,1,24,0.233491713938,0.217083394353,0.233751843902,0.850327372973,0.300389326527,0.383774600341,1,1.06704090119
263,263,3,A,3,19,0.233745133417,0.300474194431,0.483728455889,0.383478549542,0.300324984826,0.300439852552,1,0.883610193458
265,265,3,A,1,31,0.317167117522,0.234049473642,0.28361153556,0.45043892492,0.300430773656,0.333530832111,1,0.783895546963
267,267,3,A,3,31,0.300041170805,0.183963599178,0.283300484851,0.233838290733,0.267117163879,0.2337060547,1,1.18347254959
268,268,3,A,3,27,0.267052032708,0.300151301693,0.300394458085,0.283682587746,0.233730528256,0.316749883263,1,1.00012868342
269,269,3,A,3,26,0.250380425277,0.233806711985,0.250158979281,0.250392662041,0.233865527407,0.300456036653,1,1.41715768338
270,270,3,A,3,29,0.233682765378,0.250378451601,0.283685350892,0.233754607034,0.267074927309,0.233671318085,1,1.11713585455
271,271,3,A,1,26,0.250474766799,0.266661640388,0.267057558973,2.31718645951,0.350460201109,0.750236544598,1,1.06728879441
272,272,3,A,3,25,0.317282774689,0.300009592043,0.283994427926,0.217062868163,0.23364368669,0.267057164237,1,1.13379561994
273,273,3,A,1,25,0.267132953246,0.267074137839,0.267082032515,0.317031328887,0.433766922753,0.283856270893,1,4.03391123765
274,274,3,A,1,28,0.250465687903,0.266805323699,0.266836902461,0.267031506519,1.20045007617,0.867086611441,1,5.35037493847
275,275,3,A,2,62,0.267048085356,0.283764297768,0.300341563678,1.21721563037,0.617160130714,0.550525805971,1,3.10036358985
276,276,3,A,2,57,0.267183479271,0.267074927309,0.566977151582,0.600391813365,0.417160051773,0.533828146057,1,3.4673647413
277,277,3,A,2,64,0.233884869405,0.267113611277,1.06716011098,0.317127249349,0.333529253185,0.383784863443,1,1.71715069657
278,278,3,A,3,32,0.250448319595,0.267102558704,0.267185452933,0.267059532664,0.23381342247,0.167051993238,1,0.883931507269
279,279,3,A,2,61,0.250361083294,0.283645482705,0.35075190982,0.733594936988,0.383672364143,0.400501470591,1,3.71723043291
280,280,3,A,2,59,0.233949211106,0.250477924681,0.283704298141,0.31706488131,0.333671752291,0.367030756519,1,1.58389388908
281,281,3,A,2,60,0.300216432865,0.533785909472,0.450341030781,0.333762146474,0.30046551027,0.433631923588,1,5.53376262015
282,282,3,A,1,32,0.283712587567,0.267071374692,0.283768639856,0.250695028604,0.367326017862,0.283786402899,1,2.78377712665
283,283,3,A,2,58,0.26699834883,0.233645660352,0.300433536788,0.233719475684,0.350563226777,0.267115584938,1,1.68376445567
284,284,3,A,1,30,0.233926316505,0.233843422277,0.250434109155,0.283682982481,0.883669798364,0.283948638738,1,2.08374882418
285,285,3,A,3,30,0.250584897702,0.233674081217,0.267065453678,0.217242867046,0.233738422932,0.233710791523,1,1.20042876051
286,286,3,A,1,27,0.300384984468,0.21702299999,0.250846606607,0.300389326541,0.333836356542,0.267134137452,1,0.8004972864
287,287,3,A,1,29,0.23374276502,0.333803593574,0.30043037892,0.517010881638,0.334036092143,0.983843126232,1,2.56724043944
288,288,4,B,1,60,0.667056927414,0.500426115788,0.700433694699,0.75036680694,0.517076407559,0.483680693025,1,3.00041012904
290,290,4,B,2,31,0.417019131593,0.400255945773,0.617338155935,0.533797356766,0.583692574539,2.91771248257,1,1.15052525334
291,291,4,B,1,58,0.333726225639,0.450499319282,0.733724804595,0.633672265452,0.533778014782,0.583837442056,1,1.4667761923
292,292,4,B,1,62,0.600460102418,0.483626219677,0.400101209903,0.567128729599,0.967304544291,0.900442063052,1,5.56725228146
293,293,4,B,1,57,0.383593022518,0.434024289585,0.700441984111,1.28390403376,1.06718774239,0.866990690978,1,0.983837599953
294,294,4,B,3,62,0.517087065382,0.58368783773,0.56707346678,0.434005342337,0.517114696791,0.467061190546,1,1.01708292066
295,295,4,B,2,27,0.717107275792,0.717037407783,0.650323741429,0.567087282485,0.617181841109,1.00041012904,1,0.583758100445
296,296,4,B,3,57,0.533742883432,0.550549095293,0.533770909577,0.500405194864,0.533808014603,0.800413207966,1,0.967023888137
297,297,4,B,2,25,0.38371657439,0.417195577873,0.367074572045,0.817093894293,0.433705738935,0.717087539058,1,0.633791869972
298,298,4,B,2,32,0.567155571538,0.450070637715,0.367148387362,0.566978730523,0.433753107049,2.01732134024,1,1.58375967939
300,300,4,B,2,29,0.433716396758,0.733871645789,0.900380484483,0.617108025777,0.550487911445,2.11699651332,1,1.20042915524
301,301,4,B,3,64,0.383789205502,0.433717580949,0.450052874672,0.850967237435,0.600125762372,2.10060121997,1,2.33374912024
302,302,4,B,3,61,0.400571733306,0.433752317578,0.41704281565,0.450557345248,0.33379885678,1.05043837229,1,1.20044652355
303,303,4,B,2,30,0.300398010688,0.333671357555,0.3004232737,0.65053650325,0.383791968663,1.05018653173,1,1.98383049473
304,304,4,B,3,63,0.317080275956,0.250408056687,0.384082493169,0.283699561332,0.30044419461,0.350428227612,1,1.30046195767
305,305,4,B,3,59,0.300423668436,0.36711838757,0.35044756961,0.350413227716,0.467084874603,0.31707119706,1,1.06687313908
306,306,4,B,2,26,0.483679903555,0.50043519467,0.317182512154,0.517201933093,0.41707755228,2.03338229355,1,2.73388546149
307,307,4,B,2,28,0.300332484781,0.250422267127,0.316770409452,0.350500069282,0.483743455799,1.03371979148,1,2.35062835795
308,308,4,B,1,59,0.450424319744,0.200697574634,0.350423490803,1.18387636286,0.550462648462,0.750459964256,1,0.850414214539
309,309,4,B,1,64,0.267091506132,0.217090499573,0.317165143846,0.517114696791,0.517114302056,1.58386744188,1,4.36719141342
310,310,4,B,3,60,0.267191373947,0.250400556732,0.283757982019,0.317187248962,0.283725613801,0.350444806463,1,1.267038217
312,312,4,B,1,53,0.833785633164,0.650524661236,0.533752751784,0.433977710927,0.433750738637,1.30033327425,1,5.8506100028
313,313,4,B,3,53,0.333767672753,0.467093558764,0.433654028719,0.400465549756,0.383812100117,0.350243491906,1,2.98395049399
314,314,4,B,1,49,0.300473799696,0.36702523024,0.350416780318,0.550554621572,0.350450727477,0.500443484096,1,2.36700628299
315,315,4,B,3,49,0.350160202957,0.400488444357,0.300461168197,0.350507174502,0.533811172485,0.367065887869,1,1.83380734356
317,317,4,B,1,56,0.417165972787,0.58374981102,0.483725692757,0.467133821672,0.367084835132,1.75060483179,1,3.5838552051
318,318,4,B,2,17,0.417111499453,0.31714224926,0.33375622546,0.433770870106,0.433835211807,1.08346303648,1,0.900437326243
319,319,4,B,2,20,0.317070407589,0.283458378603,0.28372403486,0.366846810299,0.333775567444,1.00046894446,1,1.00048039175
320,320,4,B,2,18,0.33379135681,0.300328537443,0.300452878786,0.550430280229,0.467149216303,0.417127683555,1,1.16736146501
322,322,4,B,1,51,0.466966059554,0.250421872392,0.367082072,0.500344405766,0.45041760926,2.33389990877,1,3.40040081331
324,324,4,B,1,55,0.350500069282,0.283723640125,0.517172722743,0.317121723056,0.366956546452,0.38402012513,1,3.88376532408
325,325,4,B,2,19,0.216997736992,0.250182268617,0.283721271713,0.367070229957,0.400553180778,2.83377023853,1,0.800446365669
326,326,4,B,1,50,0.250381214748,0.250444766978,0.317059749752,0.850473819446,0.350449148536,0.900414826392,1,2.60061444357
327,327,4,B,3,51,0.284097453608,0.183766231974,0.250402135673,0.267027953916,0.750174176559,0.317103170557,1,0.850493950886
328,328,4,B,2,24,0.300467878682,0.267070979957,0.300141433341,0.333806356721,0.450446030125,0.483729640095,1,1.20039955016
329,329,4,B,2,21,0.28389495486,0.21715681495,0.250413977701,0.283730350624,0.517128907231,1.85030724152,1,1.00061775935
330,330,4,B,2,22,0.183751626799,0.217147341318,0.317037644636,0.500405194864,0.383990125323,0.367072598368,1,5.55048830619
331,331,4,B,2,23,0.300430773656,0.21681734336,0.400394892291,1.25046134584,0.417102025807,0.433978105662,1,0.800392681776
332,332,4,B,3,55,0.267285320733,0.250359899102,0.317133959834,0.283858244555,0.300450510375,0.300459983991,1,2.88390269165
333,333,4,B,1,52,0.217087341691,0.183966757046,0.283480878468,0.517134828246,0.367122729629,0.684030901379,1,1.93383975125
334,334,4,B,3,50,0.300420905289,0.267102558704,0.250398977805,0.283478510071,0.333739251873,0.383968020193,1,1.01713660454
335,335,4,B,1,54,0.266782034363,0.383794731795,0.41710676263,0.38379512653,0.350425464479,0.833802212015,1,3.83414523621
336,336,4,B,2,16,0.650388872586,0.416918869058,0.600453786668,0.500393352835,0.767218018518,2.41709334165,1,1.65042913551
337,337,4,B,3,46,0.40043633942,0.267036243327,0.300386563395,0.367175229316,0.300388931806,0.517094170602,1,1.7335617793
338,338,4,B,3,47,0.333726225639,0.250647265741,0.466837770873,0.38364552219,0.43373337033,0.433794948913,1,1.28415626903
339,339,4,B,2,13,0.250430556538,0.300545246631,0.267184663462,0.516796540862,0.267205584387,0.333785041075,1,0.767049072194
340,340,4,B,2,11,0.317116986247,0.283789955516,0.300467483961,0.334499905061,0.250505161355,0.283849165673,1,0.850652634123
341,341,4,B,2,12,0.250451477477,0.283789955502,0.300579588526,0.367042598562,0.367050098503,0.317206985696,1,1.96721809747
342,342,4,B,3,41,0.316992250184,0.250466872123,0.233793291001,0.450428661832,0.367084440397,0.400482128593,1,0.667074690457
344,344,4,B,2,10,0.400452523507,0.500403615923,0.433737712403,0.383791968663,0.850510529737,1.00045276035,1,1.25042621446
345,345,4,B,1,41,0.450211557894,0.317025013137,0.467168953037,0.567264518235,0.433372977815,0.600747863791,1,0.967109545512
348,348,4,B,3,44,0.450400240952,0.233771185885,0.283804165956,0.417238998649,0.383805784353,0.383833021042,1,2.51718377532
349,349,4,B,1,48,0.517085486441,0.30028077458,0.217101552145,0.383738284785,0.350462174771,2.76719157131,1,2.91750840489
350,350,4,B,3,43,0.367101808719,0.200367971396,0.233716712537,0.250489371974,0.283801797545,0.366665627211,1,1.45047366153
351,351,4,B,2,9,0.283820350058,0.233753028107,0.300415773745,0.433732975594,0.417040447253,0.483802271221,1,1.15046525371
352,352,4,B,3,45,0.250411214554,0.283436273487,0.250419109245,0.317077118088,0.300538141411,0.317078697015,1,1.01705094718
353,353,4,B,1,43,0.200482839122,0.217135499304,0.233843422291,0.517329037568,0.500186906735,0.350469674726,1,0.717016092138
355,355,4,B,1,47,0.35031257043,0.350226123599,0.300436694655,0.600222472305,0.367101413969,1.11705730241,1,6.3506449368
356,356,4,B,2,15,0.217170235919,0.250502003473,0.366886283737,0.466978296317,0.38376631093,1.58365152215,1,2.46707540099
357,357,4,B,1,44,0.233790922604,0.217337998038,1.58387296816,0.533795777839,0.350528490148,0.317131591422,1,4.55033001769
358,358,4,B,1,42,0.283787587105,0.23382684344,0.28378087662,0.250384767351,0.433871922112,0.300384589718,1,2.20052428624
359,359,4,B,2,14,0.233761712268,0.250366609587,0.267159005714,0.283789955502,0.316992644919,0.533694725833,1,1.38376275831
362,362,4,B,2,5,0.86705029587,0.417067683913,0.250421872392,0.700291195564,0.483606088237,0.433689160083,1,2.96772769958
363,363,4,B,3,37,0.233763291195,0.216993000184,0.317048302473,0.383765521445,0.400545286102,0.633756343872,1,2.40063923289
364,364,4,B,3,35,0.333547016227,0.250431346023,0.367014177667,0.566695311223,0.333731751918,0.333686752201,1,2.50058361482
365,365,4,B,3,36,0.333787804208,0.350488621974,0.300596956833,0.267288478601,0.600377602939,0.417009263241,1,0.867075164133
366,366,4,B,2,4,0.300433931523,0.267139663745,0.317158828097,0.233852895908,0.28343351034,0.250373714793,1,4.9674766485
367,367,4,B,3,38,0.283834165763,0.233752633372,0.167040151195,0.40045094458,0.300343142604,0.517144301877,1,2.23388802727
368,368,4,B,1,38,0.317050276135,0.283792718648,0.517038513048,0.3000399866,0.333795698898,0.317167117508,1,4.0839256652
369,369,4,B,2,7,0.300447747228,0.216938526835,0.267117163879,0.650266110184,0.283487194218,1.18381320537,1,1.4005200231
370,370,4,B,3,33,0.400437918346,0.233798027839,0.217145367656,0.350417175054,0.183685706143,0.283818376382,1,0.883699403435
371,371,4,B,1,36,0.283736271624,0.517100881087,0.517074039148,0.250153452987,0.350448753801,0.367224965841,1,2.50064914071
372,372,4,B,1,33,0.233601844826,0.167113177056,0.316736857028,0.350606252832,0.333824119778,0.383647890601,1,0.817086394338
373,373,4,B,2,2,0.233553687227,0.267200847578,0.21711418363,0.40039449757,0.317080670677,1.96723664999,1,1.80061728565
374,374,4,B,1,40,0.350425069744,0.233764475401,0.233765659606,0.217060105017,0.267271899778,0.333768462209,1,7.68419353195
375,375,4,B,1,34,0.200422839494,0.183634390676,0.217125236202,0.400135157062,0.350491385121,0.917170117507,1,1.20014257806
376,376,4,B,1,35,0.317438694794,0.283625351251,0.300255116847,0.30062853558,0.433827711851,0.317063697104,1,1.53556734583
377,377,4,B,3,39,0.283857849834,0.36713062432,0.433898764051,0.266756771365,0.233772370091,0.316969750318,1,0.983811942206
378,378,4,B,2,1,0.633928053343,0.28381719219,0.267032690725,0.233770791165,0.317130012481,0.283710219155,1,0.866864770709
379,379,4,B,1,37,0.750360096456,0.283675087805,0.28372482433,0.300474194431,0.350434543376,0.733734672962,1,4.63416252557
380,380,4,B,3,34,0.267175189831,0.250383583159,0.350361122764,0.283942322989,0.550188702779,0.400742258571,1,2.38376907406
381,381,4,B,2,6,0.283664035247,0.500441905169,0.36735128086,0.400471076035,0.717084775912,0.317072381251,1,1.23363737093
382,382,4,B,2,3,0.217102341601,0.250320030915,0.283842849924,0.467165400434,0.317081065426,1.68375261362,1,0.700465273432
384,384,5,A,1,24,1.13403680267,1.41719281473,1.13370285736,1.51717390695,1.31705935503,2.40048054967,1,1.58392704677
385,385,5,A,1,22,1.16707212468,1.51712022307,1.28376429777,1.45002642747,1.03379439628,1.4004418657,1,6.01716186755
386,386,5,A,2,54,1.01674739642,1.2504873983,1.20054481241,1.31671080455,2.11714848605,1.46707776938,1,1.1504593327
387,387,5,A,1,21,1.41693505316,0.983746416314,0.833709054685,2.0006047331,1.11719624892,1.2504885825,1,0.983438918207
389,389,5,A,2,55,1.23378263318,1.48389069173,1.20049586536,1.23352052954,0.833829053954,2.367258913,1,1.80043097102
390,390,5,A,1,23,1.45037379375,1.55040896457,1.20042915524,1.91709274956,0.833788791046,0.799989263222,1,0.900322853267
391,391,5,A,3,21,1.58393138884,1.3171209336,1.50043835257,1.21707510493,0.850624213243,0.433753501784,1,4.38402525669
392,392,5,A,2,56,0.73375362021,1.30044656304,0.617085131176,0.883767297753,1.30050222058,0.800416760583,1,1.91711524942
393,393,5,A,3,17,1.16711949282,0.950533858544,1.03370992311,1.15043880651,0.750513648149,0.483703982361,1,3.36736943864
395,395,5,A,1,17,2.617089868,0.883437694531,0.500431642067,0.83352629267,1.41711623625,1.11713861769,1,0.817074947045
396,396,5,A,3,19,1.71717990692,0.750810883139,1.08373303481,0.800113209829,0.683702877112,0.900347326809,1,0.783747521564
397,397,5,A,2,50,1.55053093751,1.86713990057,1.31684185637,1.08374014003,1.20052783884,1.18367267992,1,1.18367860094
399,399,5,A,2,49,1.53367301544,1.41708426278,1.60041747111,3.2837473242,,1.43390942187,1,1.58407901952
400,400,5,A,2,51,0.800448734066,1.51709219694,1.60047865495,1.38381249485,0.98381904744,1.43377560691,1,0.800394655453
401,401,5,A,3,22,1.95074267304,0.96710559816,1.00049144433,0.683734455844,0.767162755699,0.633691212701,1,1.63399160559
402,402,5,A,2,52,1.16691107304,1.53368485748,1.56714886105,1.48361911447,1.25065437096,1.53379617259,1,3.41713202563
403,403,5,A,3,24,0.600663390636,0.950368464823,0.833743791314,0.733570858181,0.967193623932,0.950471490505,1,3.11720019625
404,404,5,A,1,20,0.667062848428,2.56721991324,1.01676752789,1.01709436797,1.05007284824,2.01726331429,1,1.30061116727
405,405,5,A,1,18,2.13370956785,1.0004211816,1.08375908727,1.48367161413,0.616841580049,1.16704686169,1,1.21724444599
406,406,5,A,2,53,1.05050705608,0.88372664011,1.30048722067,0.783724626963,0.933732383506,1.26710966392,1,2.50064479864
407,407,5,A,3,20,0.734357958587,0.51710601263,0.600381550263,0.5503185704,0.450433398641,0.617129341437,1,1.61740565552
408,408,5,A,2,59,1.08376540303,1.23407039457,1.4838101659,1.78372028489,1.16716843988,0.767075914133,1,0.883677298305
409,409,5,A,3,27,0.817082446985,1.08389250749,1.1669793621,0.783650811631,0.650560976792,0.53377604112,1,0.817091920617
410,410,5,A,3,31,1.10040503697,0.933735146638,0.750570489894,0.767081440412,0.717111617865,0.783803179103,1,2.55039238573
411,411,5,A,1,30,1.43353639786,0.867026611813,1.01706555237,1.16704686168,1.68379721863,2.6504026883,1,0.950578463526
412,412,5,A,1,27,0.800402155408,1.01733002441,1.0337395282,0.883819402705,0.900426273685,0.800331497943,1,1.0006414434
413,413,5,A,3,30,0.867090558793,0.783714363875,0.883834402601,0.683721429625,0.716853066828,0.750403911981,1,0.867104769219
414,414,5,A,2,58,0.68374314002,0.933634884103,1.18367544306,2.20044494462,1.18384399464,1.83376905433,1,1.05049758244
415,415,5,A,1,31,1.63374371237,1.78379804757,1.15049801666,0.700450273536,0.683780639782,0.600195630366,1,0.733765067504
416,416,5,A,3,32,0.833774975341,0.783766863547,0.650426767097,0.650395583085,0.800459786624,1.15051420077,1,0.882454411127
417,417,5,A,1,28,1.08381632378,0.883539141272,1.50042532632,1.2671562426,0.817152314979,0.717075302309,1,1.31720303836
418,418,5,A,3,26,0.800139262297,0.783331471495,1.10039477388,0.850473819446,0.700462115565,0.567135440084,1,1.90082456068
419,419,5,A,2,61,2.50041151061,0.667000480389,0.917018144755,0.900549036087,2.61711078891,1.43382218557,1,2.0005506545
420,420,5,A,2,63,0.767105913954,0.716896092868,0.750431148655,0.750422464494,1.26708637459,1.91710814419,1,1.45014918987
421,421,5,A,1,29,0.850473424696,0.883704534994,1.91721630143,0.750426017097,1.13377469902,2.7002169855,1,1.61717473589
422,422,5,A,2,57,1.15056867411,0.917079328588,0.750409043525,2.36672720576,1.96728401812,1.63376621224,1,3.48391832314
423,423,5,A,2,64,0.500143880679,0.583946388753,0.550391596262,1.86707911149,0.767201044946,1.86723463684,1,1.90056679912
426,426,5,A,3,29,1.75040193829,1.56730201801,1.9504553064,0.683656693174,0.733704278406,0.967094545602,1,1.05047429312
427,427,5,A,3,25,0.933821198734,0.700488168033,0.667152847862,0.450411688245,0.55042435923,0.417047552473,1,0.817059552399
428,428,5,A,1,25,1.91729880092,1.0334596615,0.933773041135,0.967147045274,0.517152591288,1.58374467948,1,1.5006053252
430,430,5,A,2,62,0.650424003965,0.667114163894,0.750403122511,0.46675527138,0.450481556225,1.48427358409,1,2.00030236656
431,431,5,A,1,26,1.60052207572,1.05048337202,1.93402290801,0.78387620498,1.46708803248,1.60047036552,1,1.18378754763
432,432,5,A,3,11,0.967269807661,0.583692179789,0.450415635598,0.400408707996,0.433751528108,0.40037199769,1,0.883706903391
433,433,5,A,3,9,0.867183321359,0.683807481721,0.517174301684,0.567110177086,0.450074979803,0.43374837024,1,0.833736291373
434,434,5,A,1,12,1.1849243827,0.866812665772,1.15058406876,1.00052736516,0.86712016385,3.45067931816,1,1.50042019476
435,435,5,A,3,12,0.450437740714,0.517158117582,0.350409675084,0.400373971366,0.350399017276,0.367029572328,1,0.817054420841
436,436,5,A,2,44,0.617079210177,1.13377312008,0.717001486963,0.583809810661,1.05041705663,0.633801343603,1,1.58427836039
437,437,5,A,2,43,2.03379321206,0.917075381236,1.15045143801,0.550454359021,1.25055568735,1.85033526766,1,1.10059332527
438,438,5,A,3,16,0.400085025787,1.16705475637,,0.966999019874,0.58350981251,0.667016664505,1,1.65053926641
439,439,5,A,2,48,0.950313991489,0.817147578156,1.30015603852,0.833714580978,0.717154249171,1.71719530155,1,1.06731603107
440,440,5,A,1,16,1.53382814606,0.833744580799,1.58381296853,0.71707569703,0.717030697313,1.10037740557,1,0.88374085055
441,441,5,A,2,45,1.76729775488,0.817240340752,1.05013640047,0.883910586344,0.750339570281,0.900600351553,1,1.98376220568
442,442,5,A,2,42,1.05041074088,0.667067585251,0.867194373932,1.53371762043,1.41709571007,0.70047040499,1,0.900463773447
443,443,5,A,2,47,0.617092236396,1.18383452103,1.15036735956,1.26703900647,1.00048394437,0.617025131549,1,1.15037880687
444,444,5,A,3,10,0.983889310155,0.683702877097,0.717040565665,0.633750817593,0.733775330591,0.783747916299,1,0.767145387392
445,445,5,A,2,46,0.55042475395,1.06705195375,1.68373603479,0.683661429983,1.00048039177,0.567050966914,1,4.75018562385
446,446,5,A,2,41,1.16703383545,0.717090302205,0.533688410083,0.733812830367,0.467118821762,0.733777304282,1,1.15042617499
447,447,5,A,3,14,0.93391435605,1.18381123169,0.583758100445,0.683708008641,0.750390490997,0.867073585207,1,1.16700580932
448,448,5,A,1,10,0.783788179207,0.683703271832,0.833765501709,1.38380973171,1.60044668145,3.08374014002,1,1.16703699333
449,449,5,A,1,11,0.950375964778,0.800393076526,0.683738797932,0.51692877688,0.433754291254,0.900449957757,1,1.06703419071
450,450,5,A,1,13,0.600425760538,0.566943599173,0.833469845646,2.2004757339,0.533708541538,2.06710208503,1,1.06702353289
451,451,5,A,1,14,0.584828620136,0.800226498599,0.733787172634,1.40040831326,0.667116137571,3.80055491763,1,0.983601943517
452,452,5,A,1,15,0.633759501754,0.833748133402,0.600450234066,1.38375091628,0.550458701109,1.68386392873,1,0.950508595546
453,453,5,A,3,13,1.90042232633,0.500427299994,0.417133999304,0.350752699291,0.366943914953,0.433439293207,1,0.883745587358
454,454,5,A,3,15,0.367039835401,0.467012638212,0.450271162801,0.40040791854,0.400076736376,0.450704581162,1,1.13393575067
455,455,5,A,1,9,0.55045317483,0.550090019184,0.484000427896,1.91716261755,0.850504213988,1.7004601419,1,2.16714515055
456,456,5,A,1,4,0.750497858768,0.717117144144,0.950500306106,1.18379228444,0.500464405035,0.800373339807,1,1.21714615713
457,457,5,A,3,6,0.817198893637,1.13366812073,0.600423786862,0.467084479867,0.350455464286,0.333737672932,1,1.01718160427
458,458,5,A,2,37,0.566917941425,0.567018993446,0.600389839688,0.533678541717,0.567043072224,0.817015342138,1,1.30049116802
459,459,5,A,2,33,0.850422503965,1.18379583705,1.900500089,0.650124005813,0.833675502276,1.21714378872,1,0.81730823507
460,460,5,A,1,8,0.85046513527,1.28379271865,0.86695832276,1.2836967982,0.533826172395,1.26714953211,1,2.50071585084
461,461,5,A,3,7,0.51713364404,0.600367339837,0.550543568999,0.583685469304,0.483889507523,1.03371308099,1,0.73371098889
462,462,5,A,2,34,2.50049164169,0.483745429476,0.600507865282,0.667088111426,0.433732975609,1.33381543562,1,0.933778172694
463,463,5,A,1,1,0.600430497332,0.46684724449,0.433674160173,2.28379508706,1.81729797198,2.43381586982,1,1.16685936284
464,464,5,A,3,8,0.833789580516,0.533771304312,0.583468365396,0.383685785098,0.450457872168,0.86709213772,1,1.03352518741
465,465,5,A,1,5,0.750579963526,1.0004796023,0.650328872958,0.817072973368,1.40053660194,3.23388250098,1,1.25044871433
467,467,5,A,2,39,0.71712543357,0.617045657738,0.900442852537,0.567106624469,0.517177854301,1.78377594243,1,1.05081297524
468,468,5,A,3,4,0.583784547649,0.817149157097,0.450435372302,0.417057815575,0.533455122059,0.467150795259,1,1.25050160874
469,469,5,A,2,38,1.06713366378,0.700247380038,0.767187229241,2.0004314447,0.38371736386,1.10041214219,1,1.21713431508
470,470,5,A,3,2,0.91707459178,0.567022151314,0.400461602403,0.350253360273,0.40040752379,0.41719794627,1,0.800399392276
471,471,5,A,2,40,2.35050638503,0.43367692332,0.683762876724,1.08377092931,0.500529930941,0.867097663999,1,1.26709111141
472,472,5,A,1,6,0.450220242055,0.61705592084,0.483822797411,1.51705193403,1.05043363546,1.03381294879,1,0.7836997587
473,473,5,A,1,7,0.850556318939,0.650663213004,0.717079644382,1.10047727337,0.817068631295,1.80050557581,1,1.03374939655
474,474,5,A,2,35,1.2171126047,0.767099203469,1.85048566147,0.483760034636,1.66751718773,2.38380262647,1,3.10042753683
475,475,5,A,3,5,1.2839308757,0.717211485666,0.817028763107,1.1837678109,0.0670890587935,1.28375324521,1,0.667064032634
476,476,5,A,1,2,1.08374724524,0.96702112499,1.03363571304,1.93388869832,1.35053085856,2.10040858958,1,1.017055684
477,477,5,A,3,1,0.767133150614,0.800489786445,0.467097900852,0.517100881087,0.367104571851,0.433651660322,1,0.917077749647
478,478,5,A,1,3,0.633518319024,0.483682666701,0.600404050128,0.883825323719,1.30042919471,1.03377821216,1,1.30038695813
479,479,5,A,2,36,0.983973388589,0.783787389737,1.68378774499,1.91723288028,0.983742468961,1.00043341838,1,1.50062111458
480,480,6,B,1,46,0.433548634639,0.466975927906,0.483754113622,2.10053095725,0.43381942244,1.41715768336,1,13.1675288324
481,481,6,B,2,15,0.38376591618,0.683711955993,1.13360614743,2.76702894074,2.31711145997,0.467067506295,1,3.43356600295
482,482,6,B,1,41,0.849787771047,0.55076501501,3.4172074199,,0.817116394159,2.13361798947,1,2.40018370938
483,483,6,B,2,12,0.450467740535,0.46674816616,0.650193479058,1.86687108646,0.500439142008,1.16711791388,1,5.00061262779
484,484,6,B,3,43,0.600394181776,0.50045651033,0.43374758077,0.350437306508,0.450445240669,1.68395077031,1,3.03379755415
485,485,6,B,1,43,0.333736488727,0.533762225416,0.917062355002,3.63360437113,0.500492825886,1.2673330836,1,1.25016884763
486,486,6,B,1,44,0.400360945132,0.367076940442,0.400439892022,3.75057917406,0.517072854942,,1,1.5004825628
487,487,6,B,2,11,0.600401681731,0.467057637929,2.21714299924,2.26729084701,0.317090144308,0.467170926699,1,7.6671670583
488,488,6,B,3,45,0.333791356825,0.400442655155,0.383767889856,0.367080098309,0.350378491086,0.28380219228,1,0.733677831202
489,489,6,B,2,9,0.283733508491,0.350339412384,0.467111716542,0.500367300352,0.400349103104,0.40041541848,1,1.15044156964
491,491,6,B,1,48,0.317125275673,2.05056547676,1.15044788539,0.667007980359,0.500439536758,0.917133407202,1,2.51675193588
492,492,6,B,3,42,0.300371958219,0.567833725232,0.583923888888,0.483781745032,0.500430063126,0.517058644517,1,0.882800987951
494,494,6,B,2,16,,0.600284840344,1.90052614149,,0.567148466318,,1,6.26684006033
495,495,6,B,3,46,0.76708657197,0.633806080397,0.666999296183,0.550537253264,0.383498680996,0.733640726176,1,0.667088900896
497,497,6,B,2,14,0.567094387719,0.500411510613,0.500299800784,0.750439043331,2.13365469978,2.20051126,1,2.56727833394
498,498,6,B,3,41,0.500404800128,0.650591766083,0.75033128084,2.7005359309,0.500475852314,0.467135005878,1,10.651010974
499,499,6,B,2,10,0.333829646042,0.550492648268,0.433676528584,2.01712120991,0.533817488234,1.68381024485,1,3.08362724599
500,500,6,B,3,47,0.667083374618,0.483731613756,1.06677327128,0.367072993104,1.13382561976,0.833754843887,1,2.06709300613
501,501,6,B,2,13,0.566947546511,0.800455049815,,1.20042047108,1.35046375371,,1,2.33395122425
502,502,6,B,3,44,0.4337696859,0.367131413805,0.417017552652,0.533689594289,0.4671938213,2.58390888898,1,0.717000302757
504,504,6,B,1,36,1.2339034219,0.533834856556,2.36726522875,2.78345028656,0.500540588764,0.700366984573,1,1.3675399639
506,506,6,B,3,37,0.700500799532,0.550386464703,0.417044394591,1.16723791313,0.767006835624,2.95039649097,1,1.0336100553
507,507,6,B,3,38,0.283786797634,0.333720304625,0.33367727857,0.383679074614,0.50008111792,0.350447569595,1,0.667049427459
508,508,6,B,2,7,0.283695219245,0.46714526898,0.466905270456,0.367116413894,0.433701002112,0.383784468708,1,1.28478508093
509,509,6,B,1,34,0.283706271817,0.33368438379,0.383815257985,0.400416997421,3.43399547398,0.51678746198,1,5.23408263133
510,510,6,B,2,6,0.517241801266,0.483680693025,0.800421892127,3.20050376003,1.6008820735,2.60209351337,1,1.83382865922
511,511,6,B,2,4,0.450497345621,0.317109881042,0.333701752112,2.16710922972,0.467090795617,0.433770080635,1,1.70041001063
512,512,6,B,1,40,0.367091545617,0.350448753816,,2.21705181561,0.667269294514,3.91724314337,1,2.43380244885
514,514,6,B,2,5,1.36715943993,0.833756422813,3.03373360717,0.617061447119,2.01671779134,3.23402460538,1,1.35023954457
515,515,6,B,3,34,0.383821573734,0.483747797873,0.350436911773,0.383865783981,0.466984217332,2.91674025173,1,3.71733898489
516,516,6,B,3,33,0.317137907172,0.417090973249,0.383918678388,0.366877599576,0.433490608673,0.86705740109,1,0.867050690606
517,517,6,B,1,35,0.400405550114,0.633769764856,0.7170764865,1.36924837438,0.383760389916,3.65265622699,1,2.41760965425
518,518,6,B,2,8,0.483729245359,0.56716465042,3.68383984994,0.967193229211,0.400515286296,1.30039722123,1,6.88418374254
519,519,6,B,1,38,0.267035453857,0.517152591303,0.817085604867,1.31708461803,0.417092157455,1.9838083896,1,7.93385593536
520,520,6,B,1,33,0.417083078573,0.533728672992,1.26717321617,3.30050182584,0.550507253443,,1,5.50057611485
521,521,6,B,1,37,0.567156361009,0.633877922068,3.35046414845,,0.633855422202,1.61705157875,1,3.53405867095
522,522,6,B,3,36,0.533769725371,0.550510806046,0.433750343902,0.783740416344,0.733779672679,3.08379185024,1,1.2671495321
524,524,6,B,2,2,0.433725870374,0.950281623256,0.617091052205,0.917121170438,0.650500977164,2.81687994824,1,3.10094305995
526,526,6,B,3,35,2.31709369693,1.45045629323,0.900385616027,0.817000342242,0.933478569277,3.80043965518,1,1.18384044204
527,527,6,B,2,1,0.333758988592,0.500444668301,2.33372898877,1.43376850169,0.433716396758,1.767073151,1,0.783434497178
528,528,6,B,1,52,0.433765738562,0.517064960266,1.18369478504,3.15043406967,0.833820764543,3.03385952745,1,9.46720684755
529,529,6,B,1,55,0.41717663061,0.483828718425,,0.217086946956,1.25041121457,1.95040635933,1,1.41712176254
530,530,6,B,1,50,1.36707220363,0.583815731676,1.00041249745,2.71703424992,0.450429056567,1.88384782358,1,2.05044745118
531,531,6,B,3,54,0.400444234096,0.550370675337,0.617124999349,0.450436161773,2.20039362914,0.783751074181,1,4.83398457931
532,532,6,B,2,20,0.833792343663,0.550427517082,0.950416622421,2.95050385872,2.26710019031,1.25053595063,1,1.06728326813
533,533,6,B,3,55,0.434860731781,0.617041315665,0.617117104674,1.90052258887,2.01692186904,,1,1.46703079599
534,534,6,B,2,22,0.383709863905,0.467063558943,0.883750324167,2.75048404305,0.367094308749,2.33393543487,1,1.81715626232
535,535,6,B,2,19,0.63369752845,0.500508220546,0.650410977716,0.45029089952,0.367018519755,3.95053820062,1,0.917094328484
536,536,6,B,2,24,0.317139486113,0.600432076273,2.81718152532,2.31717224907,0.667254294618,1.2838610077,1,1.63389450092
537,537,6,B,1,56,0.416784659348,0.6671153481,2.36722062377,2.33379530416,1.38379433706,0.650465056344,1,2.21741418178
538,538,6,B,2,18,0.48373792952,0.817231261855,1.11710901262,2.68396971756,2.26729637331,1.65031347831,1,1.08376263989
539,539,6,B,2,17,0.383794731795,0.417107157366,,0.483860691907,2.10057358856,3.88365835107,1,2.96703020389
540,540,6,B,3,51,0.400473839167,0.333920434961,0.367164966214,0.300378668704,0.366939178144,0.333732146653,1,1.68394998083
541,541,6,B,3,50,0.283815218514,0.317079881221,0.333715567802,0.317218432989,0.317086591691,0.350401385673,1,0.883671772026
542,542,6,B,1,49,0.233747896564,0.317013171109,0.30072800866,0.734636641064,1.6836259039,1.51720706464,1,1.20040744485
543,543,6,B,3,52,0.317328958627,0.383499075731,0.333857277452,0.383737890035,0.350392701512,0.450513134987,1,0.833800238339
545,545,6,B,2,23,0.800388734438,0.533734594006,0.700410405363,0.683816955352,0.533633936735,,1,3.10055266763
546,546,6,B,3,49,0.883772034562,0.517179038492,0.517285222042,0.40041541848,3.60058760163,0.567107413954,1,2.80073925859
547,547,6,B,1,51,0.367137334804,0.483690956127,1.26711716389,,1.76714380845,2.00047723389,1,1.6170934206
548,548,6,B,2,21,0.31707909175,0.650050979952,0.70049093118,1.36706707207,0.617106841586,1.85255012238,1,1.00054631241
549,549,6,B,1,54,2.41736057686,1.00039157653,2.01718634108,0.600593917377,0.450546292675,2.95050977974,1,2.9669627043
550,550,6,B,3,53,0.300377879234,0.383817626396,0.400399629099,0.400509365267,0.500475457578,0.500437563082,1,3.11718598583
551,551,6,B,1,53,0.35042625395,0.317087775911,0.333683199584,1.10036674773,0.500423747377,2.76713394008,1,4.83394984268
552,552,6,B,1,57,0.383431970884,0.550427517097,3.35047559574,3.21727563001,0.717145170289,1.06714392688,1,2.21694760572
553,553,6,B,1,61,0.300431957847,0.417022289475,3.23379921204,2.21734115592,0.333815435617,1.91682156702,1,6.46738526749
554,554,6,B,2,31,0.433832053925,0.383714600714,0.733750857064,2.3675423323,0.900571535938,2.68434866257,1,1.0170785786
555,555,6,B,2,29,0.25039818832,0.300483273328,0.267081637794,0.883787429222,0.333635042,0.350530858559,1,3.06721024224
556,556,6,B,2,27,0.31714264398,0.433877448391,0.30043748414,0.367125492776,0.383756837284,0.433572318696,1,1.10056885175
557,557,6,B,3,64,0.350316912518,0.350434148626,2.13391482974,1.05010324279,1.08386171822,,1,1.80056241757
558,558,6,B,3,58,0.917026828916,0.550360017514,0.733879145759,0.600409576407,1.26686295493,1.08404448025,1,1.60047391812
559,559,6,B,2,25,0.483853191967,1.85035342544,1.36717878192,,2.18464688442,2.20060520679,1,1.58397402016
560,560,6,B,1,64,0.367162203082,0.483810560647,0.850522766501,0.950446227507,1.56715912414,1.40040041857,1,3.4509023431
561,561,6,B,3,59,1.68380116596,0.417222814547,0.550544358484,0.417232288164,0.617103683704,0.600428918406,1,1.26708992721
562,562,6,B,2,30,1.75058312141,0.583920336285,0.46703790121,0.900430221023,0.466958954319,,1,4.16723436053
563,563,6,B,1,62,1.88406532223,1.3838638103,1.33408385501,0.867188058182,0.500049539172,1.23387539577,1,2.70051106263
564,564,6,B,1,58,0.350639410521,0.300399589643,0.383756442563,0.733832961821,0.500424931583,0.700396194923,1,1.18395649396
565,565,6,B,3,62,0.400428444729,0.400240551142,0.366994046228,0.367186281874,0.367086808808,0.416946895202,1,0.950397280438
566,566,6,B,2,28,0.667077058853,2.5340041976,1.51740522131,1.18348281267,0.633752001799,,1,3.73385309328
567,567,6,B,3,61,0.467172900375,0.800446365669,0.78378423187,0.633752396534,0.800579785893,1.23370842311,1,2.83386339585
568,568,6,B,1,63,0.500383484483,0.733805725162,1.2004654708,0.567057677414,0.850420530289,2.38377144247,1,5.834043
569,569,6,B,3,63,0.283825481602,0.383788810781,0.283772192459,0.283751666269,0.283690877171,0.300388537071,1,0.983778389796
570,570,6,B,2,26,0.233781054252,0.267047690635,0.600450628786,1.28380811329,0.300424852627,,1,5.56703833542
571,571,6,B,2,32,0.367135755878,0.683749455769,2.70068079843,2.91706748655,0.433679686452,3.88410282199,1,1.76700130933
572,572,6,B,1,60,0.317120144129,0.467075400986,0.633695160039,3.65044295121,0.483782139767,2.36711601914,1,3.06697537529
573,573,6,B,3,60,0.667047453782,0.400383050262,0.400469891829,0.333792146295,0.466966454289,0.400417786892,1,0.767379070152
574,574,6,B,3,57,0.250369372719,0.317054618223,0.367044177488,0.300482483857,0.33380556725,0.367108124454,1,1.01704265775
575,575,6,B,1,59,0.233610528987,0.650382951571,0.483780560826,1.21806667774,0.367095492955,0.400456076139,1,1.33494595494
576,576,7,A,2,53,0.633735028227,0.800391102835,0.517074828618,0.933780935826,0.416887685045,0.733722041463,1,2.70041001063
577,577,7,A,3,17,0.483800297559,0.600512207369,0.533761041224,0.583732837433,0.467051322194,1.28378442922,1,1.5506375158
578,578,7,A,3,24,0.467151584715,0.467075795706,0.367119966497,0.416905448088,0.300388537071,0.467079743059,1,4.00057394382
579,579,7,A,2,56,2.51706377605,0.800409260628,0.517061407649,0.567166624096,0.683835902601,2.58384770514,1,1.53367498911
580,580,7,A,1,17,0.53365564713,0.834070631405,1.10044411567,1.73352506898,0.317094486396,0.383831442101,1,1.91714327557
581,581,7,A,1,24,2.28648875462,1.66715442682,0.88379848178,0.933852777496,0.583753758372,0.667042322239,1,1.35038322789
582,582,7,A,2,55,0.600490102239,0.51706298659,0.43374758077,0.717094644278,0.367119966497,3.60051102316,1,2.10044648408
583,583,7,A,3,22,0.650418477671,0.683766824077,0.683703666567,0.600119051902,0.416871895664,0.3670110198,1,1.11726809059
584,584,7,A,2,49,0.650432293376,1.20049349694,0.46704500643,1.1167750673,0.367153124185,0.583764810915,1,1.55040975404
585,585,7,A,2,52,1.01701581583,1.41685886943,0.300400379099,0.43374758077,0.383765126709,1.51737995831,1,2.23389355355
586,586,7,A,1,19,1.76700999349,0.583762442533,0.517053118223,1.05049363511,0.35036862272,1.26702913811,1,3.71723674866
587,587,7,A,3,20,0.600428128921,0.567035572283,0.40035778725,0.400430813126,0.383815257985,0.817088368014,1,1.53379933044
588,588,7,A,3,19,1.81703152624,0.383982230633,0.500391379159,0.400366471426,0.933682252231,1.01704778931,1,4.93406159199
589,589,7,A,2,51,2.16712265069,0.350632305301,0.483768718797,0.500370458234,0.417191235785,1.38386499451,1,1.78362989071
590,590,7,A,3,21,0.583706784979,1.18369123242,0.383739074241,0.383819600072,0.3670110198,0.433896790375,1,1.51720982778
591,591,7,A,1,20,0.517110354704,0.617126183555,0.433866001098,0.500121380828,0.733786383164,0.717055565576,1,1.53366314709
592,592,7,A,2,50,1.78365278529,0.517024697343,1.18384359991,0.58389152067,0.717092275867,2.36711167707,1,1.70033422162
593,593,7,A,1,23,0.467200137064,0.583731258506,0.483670035203,0.367056414252,1.31750698383,1.05103244756,1,2.417046763
594,594,7,A,3,23,1.08377448191,0.450480766769,0.333626752574,0.417062947119,0.367101808719,0.433742054491,1,1.50009769677
595,595,7,A,1,18,0.483795560736,0.517125354629,0.416987947581,1.95052833225,0.333755830725,0.617082762779,1,1.55046185899
597,597,7,A,1,21,1.76705775635,0.517176670095,0.717070960221,0.467013427668,0.60043562889,2.76708657196,1,1.86684819186
598,598,7,A,2,54,1.96711151917,0.433764949092,0.450562082042,0.350350859677,0.367193387094,0.733741383447,1,4.68392590205
599,599,7,A,1,22,1.10045437877,0.500296642902,0.383651048483,0.433702186303,0.733850330129,0.516817856522,1,3.6506813708
600,600,7,A,1,4,1.26712347963,0.483721350669,0.450455503757,1.16708554566,0.617162893861,0.850443819625,1,1.96723704472
602,602,7,A,3,5,2.80059083845,0.583658232645,0.367051677444,0.450162610839,0.366810494714,0.38373078483,1,1.66718521609
604,604,7,A,2,38,1.7837262059,1.15047038526,3.03534964981,1.01703515781,0.400135946518,1.60016089374,1,3.65083610668
605,605,7,A,1,6,0.583766389856,0.717056355046,0.483698061347,0.433746791299,0.483703587612,0.517099302146,1,4.60062825927
606,606,7,A,3,6,0.517118644144,0.467106584998,0.750435490729,0.767056966884,0.96727572869,0.333724646713,1,1.33369109429
607,607,7,A,1,3,0.700369747705,0.867068453648,2.61719644628,0.417125315143,0.367331938876,0.383691706127,1,1.40062146985
608,608,7,A,3,2,,0.917085644338,0.683715903331,0.633705423141,0.933912382388,0.517137591392,1,1.46713461114
609,609,7,A,3,1,0.467062769472,0.467154347862,0.383857494555,0.350644542064,0.333698988965,1.01706949971,1,3.75057285831
610,610,7,A,2,39,0.4334152144,0.400313577004,0.433637844602,0.400495944297,0.367090361411,1.58402809878,1,1.533507227
611,611,7,A,2,35,0.483759639916,1.46713026907,0.600369313514,1.11706717077,1.26719216342,0.333743199211,1,2.41718768318
612,612,7,A,1,5,0.417183341095,0.95044346436,0.317239748649,0.900374563484,0.41705623662,0.583762442533,1,1.38370986391
613,613,7,A,1,1,0.433829290792,0.617080394382,2.00063354871,3.35015428194,0.367125098041,0.467077374662,1,2.91733985329
614,614,7,A,2,34,0.433815080352,0.433765343827,0.800559654424,1.93380185675,0.334141091487,0.567227018473,1,1.18374491631
615,615,7,A,3,4,0.400536996676,0.350416780318,0.283737061109,0.450448793272,0.31704356565,0.300482089122,1,1.06700774351
616,616,7,A,2,37,0.317124880938,0.417097683749,0.317193959461,0.383805784353,0.433760212269,1.20044336568,1,1.95058201614
617,617,7,A,2,40,0.267002690904,0.333768067489,0.450415635598,1.88395913868,0.317085802235,0.4668334288,1,1.76702973021
618,618,7,A,1,8,0.400446602507,1.13377312009,1.36713772954,3.95038583314,1.18382228426,0.6837774819,1,1.55046501686
619,619,7,A,3,8,0.533810383014,0.600478654931,1.43406415777,0.883702561317,0.300293011343,0.267048085356,1,1.50058993055
620,620,7,A,2,36,0.600580101673,0.450352478088,0.367054835311,2.16692646769,0.383750916284,1.08372158751,1,4.58411217721
621,621,7,A,1,2,0.434177841264,0.567303596938,1.58382362635,2.88385216566,0.767109861292,0.500323484841,1,1.10073187704
622,622,7,A,2,33,0.467167374096,0.333715962552,0.317090539043,,0.633866080039,1.08380132385,1,1.71718385426
623,623,7,A,3,7,0.483844902541,0.400461602403,0.383824731616,0.517044039327,1.03383900126,0.41715649917,1,1.11703243414
624,624,7,A,2,45,0.466971191097,0.800245445847,0.45045274061,0.383777363488,0.8339443164,1.10054911503,1,2.6671279796
625,625,7,A,3,10,0.483801087015,0.600509444223,0.350395464659,1.50044822092,0.667084558823,0.333661489203,1,2.18389531013
626,626,7,A,2,44,0.433796133104,0.367346149316,0.417128473026,0.333417543341,0.400492391695,0.583709548111,1,3.0173426559
627,627,7,A,3,11,0.317081854882,0.400391339688,0.583686258789,0.467098295587,1.08365290372,0.433789817354,1,1.85051408234
628,628,7,A,1,12,0.833747343931,0.617404076576,0.400429234185,0.650389662056,0.300315511209,0.383997230543,1,3.11716980171
629,629,7,A,3,12,0.333472411425,0.283682587746,0.267094664014,0.267084795647,0.300442615684,0.250512266561,1,1.23369500216
630,630,7,A,2,43,0.500375984513,0.983796547574,0.75048720093,1.20047178656,0.500430852597,0.366900888897,1,1.85050342452
631,631,7,A,1,9,0.400395287026,0.483808586985,0.400481733857,1.21707036812,1.78400449366,0.650362030661,1,3.05042337238
632,632,7,A,3,16,0.317261064309,0.28374535052,0.317055407679,0.300473799711,0.233726186168,0.433725080919,1,2.45050405609
633,633,7,A,2,42,0.317124091467,0.283810481691,0.283701535009,0.367078914118,0.617164867537,0.550397912011,1,1.71731451135
634,634,7,A,3,15,0.350281781153,0.367218255356,0.333816619823,0.283725219066,0.333796093619,0.667096795587,1,1.45010695329
635,635,7,A,1,14,0.533806830412,0.550550674219,0.483939638798,1.65042953024,0.300414194804,0.367136940084,1,1.83426286707
636,636,7,A,1,15,0.450442082802,0.350552174219,0.416682028415,0.350429806553,2.13389075093,0.500313616474,1,2.15041275402
637,637,7,A,1,13,0.633758317548,0.667164689905,1.1506945944,1.26713887427,0.467151189994,1.41728320891,1,1.1171765122
638,638,7,A,3,9,1.26727308397,0.417356234771,0.433819817175,0.38378802131,0.300406300114,1.73375677809,1,1.40041936583
639,639,7,A,1,10,0.417176630624,0.400411471142,0.417154130759,1.50042808946,0.350479148357,0.433696265303,1,1.56741175416
640,640,7,A,2,47,0.333710830993,0.350442438066,0.350416780318,1.66714692685,0.450398267276,0.600509049487,1,3.38378052137
641,641,7,A,3,14,0.43379731731,0.81719573577,0.33375543599,0.350385991027,0.283686929819,0.267336636214,1,1.21701628951
642,642,7,A,1,11,1.2671724267,0.500436773626,0.600382734483,1.10039793175,0.333856487996,0.317072381265,1,1.0837709293
643,643,7,A,1,16,0.41713439404,0.400442655155,0.417080710162,0.483711877037,1.15063262109,0.467037111739,1,1.11716545963
644,644,7,A,2,46,0.95047899046,1.00053486512,0.883702561317,2.21724365653,0.800515444178,0.550324096679,1,1.61715460444
645,645,7,A,2,41,0.517016802667,0.483785692384,0.350558884704,0.38376670565,0.400439102537,0.650455187977,1,1.35048901671
646,646,7,A,3,13,0.433723501978,0.333757804387,0.300491168018,0.350494148268,0.350265597051,0.300398405438,1,2.08252277914
647,647,7,A,2,48,0.400458444521,0.333752672843,0.317159617567,0.317174617478,0.383810915911,2.10038332657,1,1.5670324144
648,648,7,A,2,57,0.43374126502,0.400390155482,0.400534628279,0.433810343529,0.967075598353,0.400438707817,1,1.20030955071
649,649,7,A,1,31,0.617081183838,0.633698317921,1.06720313703,0.567053730061,0.467140532157,0.467136190084,1,1.20045915505
650,650,7,A,3,29,0.716932803174,0.41705663137,0.533776435856,0.983842731497,0.400462391874,0.317060933972,1,2.83387207999
651,651,7,A,1,25,0.33371359414,0.517149433421,0.417020315785,0.33374201502,0.383762363577,2.067115506,1,1.03404268422
652,652,7,A,3,30,0.417247288075,0.317048302459,0.367067072089,0.350485069357,0.366999967227,1.61706657868,1,1.85071618635
653,653,7,A,1,26,1.28389732326,0.78432975481,0.967059019502,1.28388113916,0.367114834939,1.65046505633,1,1.81722613031
654,654,7,A,1,32,0.46715908467,0.716967539804,1.30040630011,0.433824159249,0.950413069804,0.483809376441,1,1.066843534
655,655,7,A,2,62,0.633772527988,0.467236847355,0.333714778346,0.334175828131,0.383846047262,1.16682659989,1,2.61739262928
656,656,7,A,1,27,0.317092907455,0.333752672843,0.317052249811,0.35035520175,0.366835362991,0.417143078201,1,1.81704494722
658,658,7,A,3,25,0.617115920468,0.43355613458,0.350295202123,0.333637015661,0.317052249811,0.383592627782,1,1.28395969131
659,659,7,A,2,64,0.483912007388,0.417059394502,0.383843284129,0.500443089375,0.533829724998,1.88372545592,1,2.23358289758
660,660,7,A,1,29,0.433828106587,0.516962329304,1.46721316328,1.18340110265,1.7005335625,1.1671996239,1,4.73387085632
661,661,7,A,3,32,0.383802626471,0.400417786892,0.350405727746,0.333793330487,0.300312353342,0.3168730404,1,1.8671825319
662,662,7,A,2,58,0.633515555877,0.600426944729,0.751115618099,1.85032895191,0.517239038134,0.400452918257,1,3.00034302419
664,664,7,A,2,59,1.58356231218,0.93413422312,0.58382046847,1.55050764818,0.350414017172,2.35047125367,1,1.40046515502
665,665,7,A,2,63,0.667129163819,0.367069835236,2.00015907796,0.583699679744,0.567163860964,3.7670755194,1,2.50045137879
666,666,7,A,2,60,0.550511990252,0.350316517783,0.350418359259,0.417103999484,0.366931283454,0.600540628235,1,5.46737974121
667,667,7,A,3,27,0.46710974288,0.400383839733,0.350412043495,0.333567937138,0.333746751829,0.483449378677,1,1.2003391558
668,668,7,A,1,30,2.28374061371,0.350607437023,0.300392089688,0.516955224099,0.350088756022,0.350405333025,1,3.46738684642
669,669,7,A,3,31,0.367087203544,0.35040414882,0.333842672291,0.316729357073,0.417163209655,0.383689732451,1,1.6670510064
670,670,7,A,3,26,0.317210143563,0.300441036758,0.317050276135,0.300271300963,0.317460010439,0.301418399133,1,1.80030505074
671,671,7,A,1,28,0.317096065322,0.333760567533,0.367101019248,0.383720126993,1.61713644664,1.46700829614,1,2.08366671944
672,672,8,B,1,53,0.400430023656,0.367037467018,0.367345359831,0.400502260047,0.400493181151,0.433702581053,1,1.71706464447
673,673,8,B,3,50,0.383391707976,0.383694074524,0.317106328424,0.350411648775,0.383700785009,0.450479187828,1,0.767400385812
674,674,8,B,2,17,0.583710337582,0.400362129338,0.350436122302,0.383690521921,0.41698557917,0.416970579259,1,1.56719386077
675,675,8,B,3,55,0.4170491314,0.367100229778,0.383736705844,0.367050098503,0.383811705367,0.800420707936,1,0.817290472027
676,676,8,B,3,54,0.467017375035,0.417079920691,0.433843501232,0.350464543168,0.517165222787,0.433807975132,1,0.967109545512
677,677,8,B,3,51,0.45021984732,0.400269761478,0.400566996497,0.400431207861,0.400701600913,0.416979658155,1,0.717108854718
678,678,8,B,1,56,0.451499576258,0.38339762899,0.48426134733,0.467243163104,0.850454872183,0.517137591378,1,3.58381888954
679,679,8,B,1,50,0.500282827197,0.40040120804,0.417078736486,0.550413701392,0.483746218932,0.550438569655,1,2.36709628243
681,681,8,B,2,20,0.467126321717,0.467039085415,0.467095137705,0.417058210296,0.433791791031,0.417001368551,1,1.0337430808
682,682,8,B,1,52,0.367041414356,0.383729995345,0.366981809464,0.417070052325,0.383748547858,1.00043104996,1,4.88395834921
683,683,8,B,1,54,0.500403615923,0.367087993,0.38379512653,0.350418359259,0.383818415852,0.567106229748,1,1.533804462
684,684,8,B,2,22,0.433716396758,0.400448576169,0.417095710072,0.417130051952,0.483717798052,0.567081756206,1,2.4504215566
685,685,8,B,2,21,0.417208209372,0.400332918987,0.400313182268,0.417083473294,0.383699995538,0.43367060757,1,0.783644495896
686,686,8,B,1,55,0.433721528301,0.400503838988,0.400496733768,0.400424497377,0.450465766859,0.433929948063,1,1.40035423465
687,687,8,B,2,19,0.417137157187,0.383715784919,0.383764731974,0.417033736769,0.417139130848,0.433772054312,1,2.63407371033
688,688,8,B,3,52,0.50039374757,0.433971000442,0.400401602776,0.450393135718,0.417149788671,0.433762185945,1,0.850495529827
689,689,8,B,1,51,0.4170846575,0.400320682224,0.466935270277,0.467294478571,1.85066763403,0.600445891978,1,0.600389839688
690,690,8,B,2,18,0.483683456157,0.43376258068,0.383757626769,0.400426471038,0.400067262744,0.417666101275,1,0.917247485442
691,691,8,B,2,24,0.500516115237,0.50020151191,0.450508398178,0.60036457669,0.500400852776,0.500488878548,1,0.817101394234
692,692,8,B,1,49,0.534034986878,0.467005532992,0.483729640095,0.667095611381,1.30045169458,0.583737968991,1,0.616815527581
693,693,8,B,3,53,0.567117677027,0.383643548528,0.367091545617,0.400433181538,0.400417786892,0.417048736665,1,0.817066262884
694,694,8,B,2,23,0.450414846113,0.367071808898,0.433650870851,0.400474233917,0.400469891829,0.400634101345,1,0.567091229823
695,695,8,B,3,49,0.450336293972,0.367275491852,0.450456293227,0.416478345462,0.433963500487,0.416983210758,1,2.08369869291
696,696,8,B,3,34,0.433809159338,0.517012065859,0.417212551445,0.400454497183,0.750636410536,0.400430813126,1,0.950521227045
697,697,8,B,2,2,0.383789994987,0.367097071896,0.383792363398,0.483785692384,0.400119762417,0.483719771742,1,0.967057045826
699,699,8,B,2,5,0.450434188097,0.433869553701,0.400405944863,0.633827790793,1.03382005401,0.816932053189,1,0.50045019458
700,700,8,B,2,7,0.417108736307,0.450363530646,0.450304715225,0.500410326407,1.61715302549,0.433739291344,1,0.600510628414
701,701,8,B,1,34,0.433808369868,0.417013210579,0.417218867209,0.483820428999,0.450370635866,0.833825106616,1,0.683632614382
702,702,8,B,2,6,0.433713633611,0.450411688245,0.433812711941,0.417300182482,0.500510588943,0.400430418391,1,1.16698528313
703,703,8,B,3,33,0.417143078186,0.417141104524,0.433624423633,0.433704949464,0.433904685065,0.433837185483,1,1.36704101962
704,704,8,B,2,3,0.400417392142,0.400405155393,0.450439714376,0.500428878921,0.483908454786,0.583732837447,1,0.650415319804
705,705,8,B,3,39,0.433828106587,0.483841744659,0.467105795527,0.467057243193,0.416785843554,0.500545720308,1,1.83403076323
706,706,8,B,1,36,0.417175446419,0.43376889643,0.433706923126,0.433835211807,0.400718574499,0.450431424964,1,0.650555055778
707,707,8,B,1,37,0.433687581142,0.40042883945,0.383790784457,0.383638811705,0.400404760658,0.400530286191,1,1.53391972445
708,708,8,B,1,35,0.35063072636,0.400462391874,0.40031634015,0.350284939021,0.467160663611,0.400476602314,1,0.667118900703
709,709,8,B,1,40,0.367063519472,0.450410109304,0.483649114263,0.567124387526,0.51709180219,0.50045651033,1,6.88389242855
710,710,8,B,3,38,0.383804600162,0.433908237668,0.36709588769,0.383964862325,0.450370241131,0.450412082981,1,0.633705423141
711,711,8,B,1,33,0.383821573734,0.383746179461,0.350422701333,0.367129440128,0.633920158652,0.567048203782,1,1.06709971662
712,712,8,B,3,37,0.400117394005,0.400381076586,0.43372626511,0.400468312902,0.43368442326,0.38372960061,1,2.16713370325
713,713,8,B,3,36,0.366732732044,0.350415990848,0.317062907634,0.333687541657,0.383763942504,0.41711307838,1,0.667159558361
715,715,8,B,2,8,0.500441115699,0.400406734334,0.400416602686,0.433742054491,,1.40044818143,1,1.15046249056
716,716,8,B,2,1,0.400396076497,0.383765521459,0.400500681106,0.433737317668,0.483866218201,0.500617956699,1,1.03401544753
717,717,8,B,3,35,0.367071808898,0.383796705471,0.350425464465,0.383798284412,0.383834994704,0.383749337328,1,0.817063105016
718,718,8,B,2,4,0.433781133208,0.383769863533,0.417017157917,0.35047480627,0.40040752379,0.383578022607,1,1.05042455658
720,720,8,B,2,27,0.450316162518,0.417139920319,0.433777185855,0.717179117433,0.600409971143,1.06711392706,1,1.90053087829
721,721,8,B,1,63,0.450508398178,0.433660739203,0.400826731726,0.450637081594,0.433891264096,0.650505713973,1,3.10064700915
722,722,8,B,3,62,0.400463576079,0.350343754457,0.333702936317,0.333690304818,0.383739863712,0.317131986158,1,0.650453214301
723,723,8,B,3,63,0.317129617746,0.316953566202,0.333786225281,0.317006855345,0.333630699912,0.333717541493,1,0.850414609289
724,724,8,B,3,57,0.350477964137,0.317045144591,0.367013388211,0.383897757478,0.383442628707,0.350417569789,1,0.867281215498
726,726,8,B,3,60,0.416849395799,0.31708580222,0.367173255639,0.367113650747,0.367050098503,0.617188156873,1,0.717113591527
727,727,8,B,2,28,0.350359543823,0.350151518796,0.333735304535,0.383752889946,0.400487260151,0.367252202515,1,0.917014986873
728,728,8,B,2,29,0.350462964241,0.383782495031,0.333429780105,0.433746001829,0.383792758133,0.383764731989,1,0.900379695027
729,729,8,B,3,59,0.367094308764,0.350469279991,0.317195538402,0.367139308481,0.400581206937,0.38371657439,1,0.6672633735
731,731,8,B,2,31,0.317047118268,0.3503970436,0.300443405155,0.317116196777,0.333786620002,0.367031545989,1,0.783762521474
732,732,8,B,2,32,0.383711442832,0.317204617284,0.383765126709,0.367093519293,0.417166762258,1.40037594504,1,1.53424656452
733,733,8,B,3,61,0.350596779201,0.383924204682,0.333825698704,0.367146808436,0.333802014648,0.317250801207,1,0.667093637705
734,734,8,B,1,64,0.350437701243,0.317053828738,0.332569653852,0.318365136423,0.350606252832,0.617089867999,1,2.93377462008
735,735,8,B,2,26,0.317154880744,0.333743593947,0.317146196598,0.350324017723,0.365840237573,0.334979507359,1,0.967071256266
736,736,8,B,1,62,0.317026197328,0.300648667035,0.350332701884,0.450530108574,1.21713549929,0.850313162533,1,3.78373923214
737,737,8,B,2,25,0.333707673111,0.333745172902,0.33367806804,0.317040407768,0.883510325657,0.98374799524,1,0.550478437828
738,738,8,B,1,58,0.38380223175,0.350358359618,0.383884336508,0.43379731731,0.900144038591,0.450449977492,1,0.683679587775
739,739,8,B,1,57,0.400548838705,0.366986941008,0.41684386952,0.633617002633,0.450418003995,0.983764179342,1,1.61710013109
740,740,8,B,3,58,0.500423747377,0.417018736858,0.433897579846,0.433832053939,0.350387175247,0.550699489089,1,0.583509417775
741,741,8,B,2,30,0.333788593678,0.333730567727,0.333685962731,0.333725830904,0.367045756429,0.400476602314,1,0.784037651349
742,742,8,B,1,59,0.333801619912,0.367141282157,0.366820757816,0.517079960162,0.333728199315,0.450395109408,1,1.01704778931
743,743,8,B,3,64,0.433826922381,0.383733153227,0.367023256564,0.40016752528,0.350653226225,0.400033710321,1,0.583389418505
744,744,8,B,3,45,0.450516292854,0.433728238786,0.43374126502,0.40034397156,0.367095492969,0.333753857049,1,0.733690857436
745,745,8,B,2,12,0.3671235191,0.400431602597,0.400533049338,0.383907231095,0.45050958237,1.15061367383,1,1.9005229836
746,746,8,B,1,47,0.367067072089,0.400248445832,0.41715649917,0.334023065909,0.400441076214,0.43393231646,1,1.38372644274
747,747,8,B,2,16,0.383522365053,0.317061328707,0.350477964152,0.350276649595,0.433725080919,0.600065368009,1,0.867110690233
748,748,8,B,1,48,0.350367833249,0.333718725684,0.333695436362,0.367093914028,0.383742626844,0.433735344006,1,3.53379735678
749,749,8,B,1,41,0.46713184801,0.400441865699,0.350498885076,0.333644910352,0.36720246599,0.383765126724,1,1.2170758944
750,750,8,B,2,13,0.417072026001,0.333793725236,0.41685886943,0.383675916732,0.400441470949,0.400559101792,1,0.583756521504
751,751,8,B,2,14,0.35065993671,0.400332919002,0.417101631087,0.350398227791,0.483846086732,0.433746396564,1,0.750270886478
752,752,8,B,3,46,0.367168913566,0.333660699718,0.317061328707,0.383833810498,0.450348136001,0.366988125214,1,0.617009342182
753,753,8,B,3,43,0.350462964241,0.383711048111,0.349935599079,0.333789777884,0.350064282509,0.350397438335,1,0.633549503051
754,754,8,B,1,42,0.350444806463,0.350385201571,0.433950079518,0.383827494748,0.433811133014,0.416715186104,1,1.58375770571
755,755,8,B,1,44,0.433810738265,0.400317129621,0.417055052429,0.417029394695,0.450373004278,0.48380069228,1,1.56697478319
756,756,8,B,2,10,0.433554555653,0.367059572134,0.400458444536,0.383870520804,0.467162242552,0.400523970442,1,0.98377641612
757,757,8,B,1,45,0.383602101399,0.400360155676,0.433815475088,0.383757626769,0.400455681389,0.383745389991,1,2.43365876553
758,758,8,B,1,43,0.366942336012,0.616769343658,0.400587522687,0.450449188007,0.400460418197,0.716980171303,1,0.683746297887
759,759,8,B,2,9,0.417026236813,0.467416056767,0.417317156054,0.467136190069,0.433826527646,1.08383211315,1,0.58339691846
761,761,8,B,3,47,0.400628969801,0.400375550307,0.333382806712,0.367029967048,0.433773633253,0.383409076283,1,0.983764968812
762,762,8,B,3,41,0.400465549756,0.383741047917,0.350346517589,0.350438885434,0.350103361212,0.367222992165,1,0.600351550456
763,763,8,B,3,44,0.333768462224,0.400096078345,0.417157683376,0.333660699733,0.383789994972,0.400339629472,1,0.800284919285
764,764,8,B,1,46,0.450434582832,0.383713416508,0.417132025628,0.450489845651,0.483833849983,1.50066848271,1,2.5840008621
765,765,8,B,2,15,0.400439102552,0.383690127186,0.366746153013,0.350327175605,0.35038993838,0.333895566684,1,0.833672344394
766,766,8,B,3,42,0.400636075006,0.367231281605,0.400356208324,0.417053078752,0.400154499031,0.367087598279,1,0.800377287145
767,767,8,B,2,11,0.400516865222,0.333766488548,0.45058023982,0.450286557447,0.45045313536,,1,0.783698179759
